region_name,region_kr_name,continent,iso_country
Canillo Parish,카닐료 교구,EU,AD
Encamp Parish,엔캠프 교구,EU,AD
La Massana Parish,라마사나 교구,EU,AD
Ordino Parish,오르디노 교구,EU,AD
Andorra la Vella Parish,안도라라베야 교구,EU,AD
Escaldes-Engordany Parish,에스칼데스-엥고르다니 교구,EU,AD
Umm al-Quwain Emirate,움 알 쿠와인 토후국,AS,AE
Balkh Province,발흐 주,AS,AF
Bamiyan Province,바미안 주,AS,AF
Badghis Province,바드기스주,AS,AF
Badakhshan Province,바다흐샨 주,AS,AF
Baghlan Province,바글란주,AS,AF
Daykundi Province,다이쿤디 주,AS,AF
Farah Province,파라주,AS,AF
Faryab Province,파리얍 주,AS,AF
Ghazni Province,가즈니 주,AS,AF
Helmand Province,헬만드 주,AS,AF
Herat Province,헤라트주,AS,AF
Jowzjan Province,조우즈잔 주,AS,AF
Kabul Province,카불 주,AS,AF
Kandahar Province,칸다하르주,AS,AF
Kapisa Province,카피사 주,AS,AF
Kunduz Province,쿤두즈 주,AS,AF
Khost Province,코스트 주,AS,AF
Laghman Province,라그만주,AS,AF
Logar Province,로가 주,AS,AF
Nangarhar Province,낭가르하르주,AS,AF
Nimruz Province,님루즈 주,AS,AF
Nurestan Province,누레스탄 주,AS,AF
Panjshir Province,판시르 주,AS,AF
Parwan Province,파르완 주,AS,AF
Paktia Province,팍티아 주,AS,AF
Paktika Province,팍티카 주,AS,AF
Samangan Province,사만간 주,AS,AF
Sar-e Pol Province,사르에 폴 주,AS,AF
Takhar Province,타카르 주,AS,AF
Wardak Province,와르닥 주,AS,AF
Zabul Province,자불 주,AS,AF
Saint George Parish,세인트 조지 교구,NA,AG
Saint John Parish,세인트 존 교구,NA,AG
Saint Mary Parish,세인트 메리 교구,NA,AG
Saint Paul Parish,세인트 폴 교구,NA,AG
Saint Peter Parish,성 베드로 교구,NA,AG
Saint Philip Parish,세인트 필립 교구,NA,AG
Barbuda Dependency,바부다 의존성,NA,AG
Redonda Dependency,레돈다 의존성,NA,AG
Redonda,레돈다,NA,AG
Berat County,베라트 카운티,EU,AL
Elbasan County,엘바산 카운티,EU,AL
Fier County,피어 카운티,EU,AL
Tirana County,티라나 카운티,EU,AL
Bengo Province,벤고주,AF,AO
Benguela Province,벵겔라주,AF,AO
Cabinda Province,카빈다 주,AF,AO
Cuando Cubango Province,쿠안도쿠방고주,AF,AO
Cunene Province,쿠네네 주,AF,AO
Cuanza Norte Province,쿠안자 노르테 주,AF,AO
Cuanza Sul Province,쿠안자 술 주,AF,AO
Huambo Province,Huambo 지방,AF,AO
Lunda Norte Province,룬다노르테주,AF,AO
Lunda Sul Province,룬다 술 주,AF,AO
Luanda Province,루안다 주,AF,AO
Moxico Province,목시코 주,AF,AO
Zaire Province,자이르 주,AF,AO
Salta Province,살타 주,SA,AR
Buenos Aires Province,부에노스아이레스 주,SA,AR
Buenos Aires (Autonomous City),부에노스아이레스(자치시),SA,AR
La Rioja Province,라리오하 주,SA,AR
Chaco Province,차코 주,SA,AR
La Pampa Province,라팜파 주,SA,AR
Misiones Province,미시오네스 주,SA,AR
Formosa Province,포모사 주,SA,AR
Tierra del Fuego Province,티에라델푸에고 주,SA,AR
Santa Cruz Province,산타 크루즈 주,SA,AR
Eastern District,동부지구,OC,AS
Western District,서부지구,OC,AS
Burgenland,부르겐란트,EU,AT
Salzburg,잘츠부르크,EU,AT
Vorarlberg,포어아를베르크,EU,AT
Australian Antarctic Territory,호주 남극 영토,OC,AU
Australian Capital Territory,호주 수도 특별구,OC,AU
New South Wales,뉴 사우스 웨일즈,OC,AU
Northern Territory,노던 테리토리,OC,AU
Queensland,퀸즈랜드,OC,AU
South Australia,남호주,OC,AU
Tasmania,태즈메이니아,OC,AU
Victoria,빅토리아,OC,AU
Western Australia,웨스턴 오스트레일리아,OC,AU
Ali Bayramli District,알리 바이람리 지구,AS,AZ
Abseron District,압세론 지구,AS,AZ
Agstafa District,아그스타파 지구,AS,AZ
Agjabadi District,아그자바디 지구,AS,AZ
Agdam District,아그담 지구,AS,AZ
Agdash District,아그다시 지구,AS,AZ
Agsu District,아수구,AS,AZ
Astara District,아스타라 지구,AS,AZ
Baku (city),바쿠(도시),AS,AZ
Babak District,바박 지구,AS,AZ
Balakan District,발라칸 지구,AS,AZ
Barda District,바르다 지구,AS,AZ
Beylagan District,베일라간 지구,AS,AZ
Bilasuvar District,빌라수바르 지구,AS,AZ
Cabrayll District,카브레이 지구,AS,AZ
Calilabad District,칼리라바드 지구,AS,AZ
Culfa District,컬파 지구,AS,AZ
Daskasan District,다스카산 지구,AS,AZ
Davaci District,다바치 지구,AS,AZ
Fuzuli District,푸줄리 지구,AS,AZ
Gadabay District,가다베이 지구,AS,AZ
Goranboy District,고란보이 지구,AS,AZ
Goychay District,고이차이 지구,AS,AZ
Hajigabul District,하지가불지구,AS,AZ
Imisli District,이미슬리 지구,AS,AZ
Ismayilli District,이스마일리 지구,AS,AZ
Kalbacar District,칼바카르 지구,AS,AZ
Kurdamir District,쿠르다미르 지구,AS,AZ
Lankaran District,란카란 지구,AS,AZ
Lacin District,라신 지구,AS,AZ
Lerik District,레릭 지구,AS,AZ
Masally District,마살리 지구,AS,AZ
Mingacevir District,밍가체비르 지구,AS,AZ
Naftalan District,나프탈란 지구,AS,AZ
Neftcala District,네프트칼라 지구,AS,AZ
Nakhchivan Autonomous Republic,나히치반 자치공화국,AS,AZ
Oguz District,오구즈 지구,AS,AZ
Ordubad District,오르두바드 지구,AS,AZ
Qabala District,카발라 지구,AS,AZ
Qax District,콰스 지구,AS,AZ
Qazax District,카작스 지구,AS,AZ
Quba District,쿠바 지구,AS,AZ
Qubadli District,쿠바들리 지구,AS,AZ
Qobustan District,코부스탄 지구,AS,AZ
Qusar District,쿠사르 지구,AS,AZ
Shaki District,샤키 지구,AS,AZ
Sabirabad District,사비라바드 지구,AS,AZ
Sadarak District,사다락지구,AS,AZ
Sahbuz District,사부즈 지구,AS,AZ
Salyan District,살얀 지구,AS,AZ
Sarur District,사루르 지구,AS,AZ
Saatli District,사틀리 지구,AS,AZ
Siyazan District,시야잔 지구,AS,AZ
Samkir District,삼키르 지구,AS,AZ
Sumqayit (city),숨카잇(도시),AS,AZ
Samaxi District,사맥시 지구,AS,AZ
Samux District,사무 지구,AS,AZ
Susa District,수사지구,AS,AZ
Tartar District,타르타르 지구,AS,AZ
Tovuz District,토부즈 지구,AS,AZ
Ucar District,우카르 지구,AS,AZ
Xankandi District,잔칸디 지구,AS,AZ
Khachmaz District,하치마즈 지구,AS,AZ
Xanlar District,잔라르 지구,AS,AZ
Khojaly District,호잘리 지구,AS,AZ
Khizi District,키지 지구,AS,AZ
Xocavand District,Xocavand 지구,AS,AZ
Yardimli District,야르딤리 지구,AS,AZ
Yevlax (city),예블락스(도시),AS,AZ
Zangilan District,장기란 지구,AS,AZ
Zaqatala District,자카탈라 지구,AS,AZ
Zardab District,자르다브 지구,AS,AZ
Federation of Bosnia and Herzegovina,보스니아 헤르체고비나 연방,EU,BA
Republika Srpska,레푸블리카 스르프스카,EU,BA
Christ Church,그리스도 교회,NA,BB
Saint Andrew,세인트 앤드류,NA,BB
Saint George,세인트 조지,NA,BB
Saint James,세인트 제임스,NA,BB
Saint John,세인트 존,NA,BB
Saint Joseph,성 요셉,NA,BB
Saint Lucy,세인트 루시,NA,BB
Saint Michael,세인트 마이클,NA,BB
Saint Peter,성 베드로,NA,BB
Saint Philip,세인트 필립,NA,BB
Saint Thomas,세인트 토마스,NA,BB
Bam Province,밤 주,AF,BF
Banwa Province,반와 주,AF,BF
Bougouriba Province,부구우리바주,AF,BF
Boulgou Province,불구주,AF,BF
Comoe Province,코메 지방,AF,BF
Ganzourgou Province,간조르구 주,AF,BF
Gnagna Province,그나냐 주,AF,BF
Gourma Province,구르마주,AF,BF
Houet Province,우에 주,AF,BF
Ioba Province,이오바주,AF,BF
Kadiogo Province,카디오고 주,AF,BF
Komondjari Province,코몬자리 주,AF,BF
Kompienga Province,콤피엔가 주,AF,BF
Kossi Province,코시 주,AF,BF
Kouritenga Province,쿠리텡가 주,AF,BF
Loroum Province,로룸주,AF,BF
Mouhoun Province,무훈 지방,AF,BF
Namentenga Province,나멘텡가 주,AF,BF
Nahouri Province,나후리 주,AF,BF
Nayala Province,나얄라주,AF,BF
Noumbiel Province,누비엘 주,AF,BF
Oubritenga Province,오브리텡가 주,AF,BF
Oudalan Province,우달란주,AF,BF
Poni Province,포니주,AF,BF
Sissili Province,시실리 주,AF,BF
Sanmatenga Province,산마텡가 주,AF,BF
Soum Province,숨 주,AF,BF
Sourou Province,소루주,AF,BF
Tapoa Province,타포아 주,AF,BF
Yagha Province,야가주,AF,BF
Yatenga Province,야텡가 주,AF,BF
Ziro Province,지로 주,AF,BF
Zondoma Province,존도마 주,AF,BF
Blagoevgrad Province,블라고예브그라드주,EU,BG
Burgas Province,부르가스 주,EU,BG
Varna Province,바르나 주,EU,BG
Veliko Tarnovo Province,벨리코타르노보주,EU,BG
Vidin Province,비딘주,EU,BG
Vratsa Province,브라차주,EU,BG
Gabrovo Province,가브로보 주,EU,BG
Dobrich Province,도브리치 주,EU,BG
Kardzali Province,카르잘리 주,EU,BG
Lovec Province,로베츠주,EU,BG
Montana Province,몬타나 주,EU,BG
Pazardzhik Province,파자르지크 주,EU,BG
Pernik Province,페르니크 주,EU,BG
Pleven Province,플레벤 주,EU,BG
Plovdiv Province,플로브디프 주,EU,BG
Razgrad Province,라즈그라드 주,EU,BG
Ruse Province,루세 주,EU,BG
Silistra Province,실리스트라주,EU,BG
Sliven Province,슬리벤 주,EU,BG
Smoljan Province,스몰랸 주,EU,BG
Sofia Province,소피아 지방,EU,BG
Stara Zagora Province,스타라자고라주,EU,BG
Haskovo Province,하스코보주,EU,BG
Sumen Province,수멘성,EU,BG
Yambol Province,얌볼 주,EU,BG
Capital Governorate,수도권,AS,BH
Southern Governorate,남부 주,AS,BH
Muharraq Governorate,무하라크 주,AS,BH
Central Governorate,중앙정부,AS,BH
Northern Governorate,북부 주,AS,BH
Bubanza Province,부반자 주,AF,BI
Bujumbura Rural Province,부줌부라 농촌 지역,AF,BI
Bujumbura Mairie Province,부줌부라 마이리 주,AF,BI
Bururi Province,부루리 주,AF,BI
Cankuzo Province,칸쿠조 주,AF,BI
Cibitoke Province,치비토케주,AF,BI
Gitega Province,기테가 주,AF,BI
Kirundo Province,키룬도 주,AF,BI
Karuzi Province,카루지 주,AF,BI
Kayanza Province,카얀자 주,AF,BI
Makamba Province,마캄바주,AF,BI
Muramvya Province,무람비아 주,AF,BI
Mwaro Province,음와로 주,AF,BI
Muyinga Province,무잉가 주,AF,BI
Ngozi Province,응고지 주,AF,BI
Rumonge Province,루몽게 주,AF,BI
Rutana Province,루타나 주,AF,BI
Ruyigi Province,루이기 주,AF,BI
Atakora Department,아타코라주,AF,BJ
Alibori Department,알리보리 부서,AF,BJ
Atlantique Department,대서양학과,AF,BJ
Borgou Department,보르고우 부서,AF,BJ
Collines Department,콜린스 부서,AF,BJ
Donga Department,동아학과,AF,BJ
Kouffo Department,쿠포주,AF,BJ
Littoral Department,연안부,AF,BJ
Mono Department,모노 부서,AF,BJ
Oueme Department,오우에메학과,AF,BJ
Plateau Department,고원 부서,AF,BJ
Zou Department,조우 부서,AF,BJ
Belait District,블라잇 지구,AS,BN
Brunei-Muara District,브루나이무아라 지구,AS,BN
Temburong District,템부롱 지구,AS,BN
Tutong District,투통 지구,AS,BN
El Beni Department,엘베니 주,SA,BO
Cochabamba Department,코차밤바 주,SA,BO
Chuquisaca Department,추키사카 주,SA,BO
La Paz Department,라파스 주,SA,BO
Pando Department,판도학과,SA,BO
Oruro Department,오루로학과,SA,BO
Santa Cruz Department,산타 크루즈 주,SA,BO
Tarija Department,타리자 주,SA,BO
Acre,에이커,SA,BR
Alagoas,알라고아스,SA,BR
Amazonas,아마조나스,SA,BR
Bahia,바이아,SA,BR
Distrito Federal,연방 지구,SA,BR
Minas Gerais,미나스 제라이스,SA,BR
Mato Grosso do Sul,마투 그로소 두 술,SA,BR
Mato Grosso,마투 그로소,SA,BR
Pernambuco,페르남부쿠,SA,BR
Rio de Janeiro,리오 데 자네이로,SA,BR
Rio Grande do Norte,리오 그란데 두 노르테,SA,BR
Roraima,로라이마,SA,BR
Rio Grande do Sul,히우그란지두술,SA,BR
Santa Catarina,산타카타리나,SA,BR
Sergipe,세르지페,SA,BR
Tocantins,토칸틴,SA,BR
Bimini,비미니,NA,BS
Black Point,블랙 포인트,NA,BS
Berry Islands,베리 제도,NA,BS
Central Eleuthera,센트럴 엘레우테라,NA,BS
Cat Island,고양이섬,NA,BS
Crooked Island and Long Cay,크룩드 아일랜드(Crooked Island)와 롱케이(Long Cay),NA,BS
Central Abaco,센트럴 아바코,NA,BS
Central Andros,센트럴 안드로스,NA,BS
East Grand Bahama,이스트 그랜드 바하마,NA,BS
Exuma,엑수마,NA,BS
City of Freeport,프리포트 시,NA,BS
Grand Cay,그랜드 케이,NA,BS
Harbour Island,하버 아일랜드,NA,BS
Hope Town,호프타운,NA,BS
Inagua,이나과,NA,BS
Long Island,롱아일랜드,NA,BS
Mangrove Cay,맹그로브 케이,NA,BS
Mayaguana,마야과나,NA,BS
Moore's Island,무어스 아일랜드,NA,BS
North Eleuthera,노스 엘루테라,NA,BS
North Abaco,노스 아바코,NA,BS
New Providence,뉴프로비던스,NA,BS
North Andros,노스 안드로스,NA,BS
Rum Cay,럼 케이,NA,BS
Ragged Island,래기드 아일랜드,NA,BS
South Andros,사우스 안드로스,NA,BS
South Eleuthera,사우스 일류서라,NA,BS
South Abaco,사우스 아바코,NA,BS
San Salvador,산살바도르,NA,BS
Spanish Wells,스패니시 웰스,NA,BS
West Grand Bahama,웨스트 그랜드 바하마,NA,BS
Paro District,파로지구,AS,BT
Chukha District,추카 지구,AS,BT
Haa District,하 지구,AS,BT
Samtse District,삼체 지구,AS,BT
Thimphu District,팀푸 지구,AS,BT
Tsirang District,치랑 지구,AS,BT
Dagana District,다가나 지구,AS,BT
Punakha District,푸나카 지구,AS,BT
Wangdue Phodrang District,왕두에 포드랑 지구,AS,BT
Sarpang District,사르팡 지구,AS,BT
Trongsa District,트롱사 지구,AS,BT
Bumthang District,범탕지구,AS,BT
Zhemgang District,젬강 지구,AS,BT
Trashigang District,트라시강 지구,AS,BT
Mongar District,몽가 지구,AS,BT
Pemagatshel District,페마가첼 지구,AS,BT
Lhuntse District,룬체 지구,AS,BT
Samdrup Jongkha,삼드럽 종카,AS,BT
Gasa District,가사지구,AS,BT
Trashiyangtse District,Trashiyangtse 지구,AS,BT
Chobe District,초베지구,AF,BW
Francistown (city),프랜시스타운(도시),AF,BW
Gabarone (city),가바로네(도시),AF,BW
Ghanzi District,간지 지구,AF,BW
Jwaneng (town),Jwaneng(마을),AF,BW
Kgalagadi District,크갈라가디 지구,AF,BW
Kgatleng District,크가틀렝 지구,AF,BW
Kweneng District,크웨능 지구,AF,BW
Lobatse (town),로바체(마을),AF,BW
North East District,북동지구,AF,BW
North West District,노스 웨스트 지구,AF,BW
South East District,남동 지구,AF,BW
Southern District,남부 지구,AF,BW
Selebi-Phikwe (town),셀레비피퀘(마을),AF,BW
Sowa (town),소와(마을),AF,BW
Belize District,벨리즈 지구,NA,BZ
Cayo District,카요 지구,NA,BZ
Corozal District,코로잘 지구,NA,BZ
Orange Walk District,오렌지 워크 지구,NA,BZ
Stann Creek District,스탠 크릭 지구,NA,BZ
Toledo District,톨레도 지구,NA,BZ
Alberta,앨버타,NA,CA
British Columbia,브리티시컬럼비아,NA,CA
Manitoba,매니토바,NA,CA
New Brunswick,뉴브런즈윅,NA,CA
Newfoundland and Labrador,뉴펀들랜드와 래브라도,NA,CA
Nova Scotia,노바스코샤,NA,CA
Northwest Territories,노스웨스트 준주,NA,CA
Nunavut,누나부트 준주,NA,CA
Ontario,온타리오,NA,CA
Prince Edward Island,프린스 에드워드 아일랜드,NA,CA
Saskatchewan,서스캐처원,NA,CA
Yukon,유콘,NA,CA
Haut-Congo Province,오콩고주,AF,CD
Haut-Katanga Province,오트카탕가주,AF,CD
Haut-Lomami Province,오로마미 주,AF,CD
Ituri Province,이투리 주,AF,CD
Kinshasa Province,킨샤사 주,AF,CD
Kongo-Central Province,콩고 중부 지방,AF,CD
Kwilu Province,크윌루 주,AF,CD
Kwango Province,광고주,AF,CD
Lomami Province,로마미 주,AF,CD
Lualaba Province,루알라바주,AF,CD
Maniema Province,마니에마 주,AF,CD
Mai-Ndombe Province,마이은돔베 주,AF,CD
Mongala Province,몽갈라 주,AF,CD
Nord-Kivu Province,노르키부 주,AF,CD
Nord-Ubangi Province,노르드우방이 주,AF,CD
Sankuru Province,산쿠루주,AF,CD
Sud-Kivu Province,수드키부 주,AF,CD
Sud-Ubangi Province,수드우방이 주,AF,CD
Tanganyika Province,탕가니카 주,AF,CD
Tshopo Province,초포 주,AF,CD
Tshuapa Province,추아파 주,AF,CD
Ouham,우함,AF,CF
Bamingui-Bangoran,바밍구이-방고란,AF,CF
Bangui,방기,AF,CF
Basse-Kotto,바스코토,AF,CF
Haute-Kotto,오트코토,AF,CF
Haut-Mbomou,오트음보무(Haut-Mbomou),AF,CF
Lobaye,로바예,AF,CF
Mbomou,음보무,AF,CF
Ombella-M'Poko,옴벨라-음포코,AF,CF
Ouaka,와카,AF,CF
Vakaga,바카가,AF,CF
Bouenza Department,부엔자주,AF,CG
Pool Department,풀 부서,AF,CG
Sangha Department,상하학과,AF,CG
Plateaux Department,고원학과,AF,CG
Cuvette-Ouest Department,큐베트-서부 부서,AF,CG
Kouilou Department,코이루 주,AF,CG
Likouala Department,리쿠알라 부서,AF,CG
Cuvette Department,큐벳 부서,AF,CG
Niari Department,니아리학과,AF,CG
Brazzaville Department,브라자빌 주,AF,CG
Aargau,아르가우,EU,CH
Appenzell Innerrhoden,아펜첼 이너로덴,EU,CH
Appenzell Ausserrhoden,아펜첼 아우세로덴,EU,CH
Bern,베른,EU,CH
Fribourg,프리부르,EU,CH
Glarus,글라루스,EU,CH
Jura,쥐라,EU,CH
Nidwalden,니드발덴,EU,CH
Obwalden,오브발덴,EU,CH
St. Gallen,세인트 갈렌,EU,CH
Schaffhausen,샤프하우젠,EU,CH
Solothurn,졸로투른,EU,CH
Schwyz,슈비츠,EU,CH
Thurgau,투르가우,EU,CH
Ticino,티치노,EU,CH
Uri,유리,EU,CH
Vaud,보,EU,CH
Zug,추크,EU,CH
Abidjan (autonomous district),아비장(자치구),AF,CI
Bas-Sassandra District,바사산드라 지구,AF,CI
Lacs District,락스 지구,AF,CI
Lagunes DIstrict,라구네스 지구,AF,CI
Savanes District,사바네스 지구,AF,CI
Woroba District,워로바 지구,AF,CI
Yamoussoukro (autonomous district),야무수크로(자치구),AF,CI
Zanzan District,잔잔구,AF,CI
Antofagasta Region,안토파가스타 지역,SA,CL
Arica and Parinacota Region,아리카 및 파리나코타 지역,SA,CL
Atacama Region,아타카마 지역,SA,CL
Coquimbo Region,코킴보 지역,SA,CL
Los Lagos Region,로스 라고스 지역,SA,CL
Magallanes Region,마가야네스 지역,SA,CL
Maule Region,마울 지역,SA,CL
Santiago Metropolitan Region,산티아고 수도권,SA,CL
Adamaoua Region,Adamaoua 지역,AF,CM
Centre Region,중앙 지역,AF,CM
Far North Region,극북 지역,AF,CM
East Region,동부 지역,AF,CM
Littoral Region,연안 지역,AF,CM
North Region,북부 지역,AF,CM
North-West Region,북서부 지역,AF,CM
West Region,서부지역,AF,CM
South Region,남부 지역,AF,CM
South-West Region,남서부 지역,AF,CM
Beijing Municipality,베이징시,AS,CN
Tianjin Municipality,천진시,AS,CN
Hebei Province,허베이성,AS,CN
Shanxi Province,산시성,AS,CN
Inner Mongolia Autonomous Region,내몽골자치구,AS,CN
Liaoning Province,랴오닝성,AS,CN
Jilin Province,길림성,AS,CN
Heilongjiang Province,헤이룽장성,AS,CN
Shanghai Municipality,상하이 자치제,AS,CN
Jiangsu Province,장쑤성,AS,CN
Zhejiang Province,저장성,AS,CN
Anhui Province,안휘성,AS,CN
Fujian Province,푸젠성,AS,CN
Jiangxi Province,장시성,AS,CN
Shandong Province,산둥성,AS,CN
Henan Province,허난성,AS,CN
Hubei Province,후베이성,AS,CN
Hunan Province,후난성,AS,CN
Guangxi Autonomous Region,광시자치구,AS,CN
Hainan Province,하이난성,AS,CN
Chongqing Municipality,충칭시,AS,CN
Sichuan Province,쓰촨성,AS,CN
Guizhou Province,귀주성,AS,CN
Yunnan Province,윈난성,AS,CN
Shaanxi Province,산시성,AS,CN
Gansu Province,간쑤성,AS,CN
Qinghai Province,칭하이성,AS,CN
Ningxia Autonomous Region,닝샤자치구,AS,CN
Xinjiang Autonomous Region,신장자치구,AS,CN
Taiwan (disputed),대만 (논쟁),AS,CN
Hong Kong Special Administrative Region,홍콩특별행정구,AS,CN
Macau Special Administrative Region,마카오 특별행정구,AS,CN
Amazonas Department,아마조나스 부서,SA,CO
Arauca Department,아라우카주,SA,CO
Caldas Department,칼다스 부서,SA,CO
Casanare Department,카사나레학과,SA,CO
Cauca Department,카우카 부서,SA,CO
Cundinamarca Department,쿤디나마르카 주,SA,CO
Guaviare Department,과비아레 부서,SA,CO
Huila Department,후일라주,SA,CO
La Guajira Department,라과히라주,SA,CO
Magdalena Department,막달레나 주,SA,CO
Meta Department,메타 부서,SA,CO
Norte de Santander Department,노르테 데 산탄데르 주,SA,CO
Putumayo Department,푸투마요 학과,SA,CO
Quindio Department,퀸디오학과,SA,CO
Risaralda Department,리사랄다 부서,SA,CO
Santander Department,산탄데르주,SA,CO
Sucre Department,수크레 부서,SA,CO
Tolima Department,톨리마 주,SA,CO
Valle del Cauca Department,발레 델 카우카 주,SA,CO
Vichada Department,비차다 부서,SA,CO
Alajuela Province,알라후엘라 주,NA,CR
Cartago Province,카르타고 주,NA,CR
Guanacaste Province,과나카스테주,NA,CR
Heredia Province,에레디아 주,NA,CR
Puntarenas Province,푼타레나스 주,NA,CR
Matanzas Province,마탄자스주,NA,CU
Villa Clara Province,비야클라라주,NA,CU
Cienfuegos Province,시엔푸에고스 주,NA,CU
Las Tunas Province,라스 투나스 주,NA,CU
Granma Province,그란마 주,NA,CU
Santiago de Cuba Province,산티아고 데 쿠바 주,NA,CU
Artemisa Province,아르테미사 주,NA,CU
Mayabeque Province,마야베케 주,NA,CU
Isla de la Juventud (special municipality),Isla de la Juventud(특별자치단체),NA,CU
Kyrenia District,키레니아 지구,AS,CY
Nicosia District,니코시아 지구,AS,CY
Famagusta District,파마구스타 지구,AS,CY
Larnaca District,라르나카 지구,AS,CY
Paphos District,파포스 지구,AS,CY
Berlin,베를린,EU,DE
Brandenburg,브란덴부르크,EU,DE
Bremen,브레멘,EU,DE
Hamburg,함부르크,EU,DE
Mecklenburg-Vorpommern,메클렌부르크-포어포메른,EU,DE
Schleswig-Holstein,슐레스비히-홀슈타인,EU,DE
Saarland,자를란트,EU,DE
Arta Region,아르타 지역,AF,DJ
Ali Sabiah Region,알리 사비아 지역,AF,DJ
Dikhil Region,디킬 지역,AF,DJ
Djibouti Region,지부티 지역,AF,DJ
Obock Region,오보크 지역,AF,DJ
Tadjoura Region,타주라 지역,AF,DJ
*Offshore Oil Platforms,*해양 석유 플랫폼,EU,DK
Saint Andrew Parish,세인트 앤드류 교구,NA,DM
Saint David Parish,세인트 데이비드 교구,NA,DM
Saint George Parish,세인트 조지 교구,NA,DM
Saint John Parish,세인트 존 교구,NA,DM
Saint Joseph Parish,성 요셉 교구,NA,DM
Saint Luke Parish,세인트 루크 교구,NA,DM
Saint Mark Parish,세인트 마크 교구,NA,DM
Saint Patrick Parish,성 패트릭 교구,NA,DM
Saint Paul Parish,세인트 폴 교구,NA,DM
Saint Peter Parish,성 베드로 교구,NA,DM
Azua Province,아주아주,NA,DO
Barahona Province,바라오나 주,NA,DO
Duarte Province,두아르테 주,NA,DO
El Seybo Province,엘 세이보 주,NA,DO
Espaillat Province,에스파이야 지방,NA,DO
Independencia Province,인데펜덴시아 주,NA,DO
La Altagracia Province,라 알타그라시아 주,NA,DO
La Romana Province,라 로마나 주,NA,DO
La Vega Province,라베가 주,NA,DO
Monte Cristi Province,몬테크리스티 주,NA,DO
Pedernales Province,페데르날레스 주,NA,DO
Peravia Province,페라비아 주,NA,DO
Puerto Plata Province,푸에르토 플라타 주,NA,DO
San Juan Province,산후안 주,NA,DO
Santiago de los Caballeros Province,산티아고 데 로스 카바예로스 주,NA,DO
Valverde Province,발베르데 주,NA,DO
Monte Plata Province,몬테플라타 주,NA,DO
Hato Mayor Province,하토시장주,NA,DO
Adrar Province,아드라르주,AF,DZ
Chlef Province,츨레프 주,AF,DZ
Laghouat Province,라구아트 주,AF,DZ
Oum el Bouaghi Province,움엘부아기 주,AF,DZ
Batna Province,바트나주,AF,DZ
Biskra Province,비스크라주,AF,DZ
Blida Province,블리다 주,AF,DZ
Bouira Province,부이라 주,AF,DZ
Tamanghasset Province,타만가셋 주,AF,DZ
Tlemcen Province,틀렘센주,AF,DZ
Tiaret Province,티아레 주,AF,DZ
Tizi Ouzou Province,티지오우주(Tizi Ouzou Province),AF,DZ
Algiers Province,알제 주,AF,DZ
Djelfa Province,젤파 주,AF,DZ
Jijel Province,지젤주,AF,DZ
Skikda Province,스키크다 주,AF,DZ
Sidi Bel Abbes Province,시디벨아베스 주,AF,DZ
Annaba Province,안나바 주,AF,DZ
Guelma Province,구엘마 주,AF,DZ
Constantine Province,콘스탄티누스 주,AF,DZ
Mostaganem Province,모스타가넴 주,AF,DZ
M'Sila Province,음실라 주,AF,DZ
Mascara Province,마스카라 지방,AF,DZ
Ouargla Province,우아르글라 주,AF,DZ
Oran Province,오랑주,AF,DZ
El Bayadh Province,엘바야드 주,AF,DZ
Illizi Province,일리지 주,AF,DZ
El Tarf Province,엘타르프주,AF,DZ
Tindouf Province,틴두프 주,AF,DZ
Tissemsilt Province,티셈실트 주,AF,DZ
El Oued Province,엘우에드주,AF,DZ
Khenchela Province,켄첼라주,AF,DZ
Souk Ahras Province,수크아라스 주,AF,DZ
Tipaza Province,티파자 주,AF,DZ
Mila Province,밀라 주,AF,DZ
Naama Province,나아마 주,AF,DZ
Relizane Province,렐리자네 주,AF,DZ
Azuay Province,아주아이 주,SA,EC
Bolivar Province,볼리바르 주,SA,EC
Carchi Province,카르치 주,SA,EC
Orellana Province,오레야나 주,SA,EC
Esmeraldas Province,에스메랄다스 주,SA,EC
Guayas Province,과야스 주,SA,EC
Chimborazo Province,침보라소 주,SA,EC
Imbabura Province,임바부라주,SA,EC
Loja Province,로하주,SA,EC
Manabi Province,마나비 주,SA,EC
Napo Province,나포 지방,SA,EC
El Oro Province,엘오로주,SA,EC
Pichincha Province,피친차 주,SA,EC
Los Rios Province,로스리오스 주,SA,EC
Morona-Santiago Province,모로나산티아고 주,SA,EC
Tungurahua Province,퉁구라후아주,SA,EC
Sucumbios Province,수쿰비오스 주,SA,EC
Galapagos Province,갈라파고스 주,SA,EC
Cotopaxi Province,코토팍시 주,SA,EC
Pastaza Province,파스타자 주,SA,EC
Zamora-Chinchipe Province,사모라친치페 주,SA,EC
Harju County,하르주 카운티,EU,EE
Hiiu County,히이우 카운티,EU,EE
Ida-Viru County,이다비루 카운티,EU,EE
Rapla County,라플라 카운티,EU,EE
Saare County,사레 카운티,EU,EE
Tartu County,타르투 카운티,EU,EE
Valga County,발가 카운티,EU,EE
Viljandi County,빌랸디 카운티,EU,EE
Alexandria Governorate,알렉산드리아 주,AF,EG
Aswan Governorate,아스완주,AF,EG
Asyut Governorate,아시우트주,AF,EG
Red Sea Governorate,홍해 주,AF,EG
Beheira Governorate,베헤이라 주,AF,EG
Beni Suef Governorate,베니 수에프 주,AF,EG
Cairo Governorate,카이로 주,AF,EG
Dakahlia Governorate,다칼리아 주,AF,EG
Damietta Governorate,다미에타 주,AF,EG
Faiyum Governorate,파이윰 주,AF,EG
Gharbia Governorate,가르비아 주,AF,EG
Giza Governorate,기자주,AF,EG
Ismailia Governorate,이스마일리아 주,AF,EG
South Sinai Governorate,남부 시나이 주,AF,EG
Qalyubia Governorate,칼류비아 주,AF,EG
Kafr el-Sheikh Governorate,카프르 엘 셰이크 주,AF,EG
Qena Governorate,케나 주,AF,EG
Luxor Governorate,룩소르 주,AF,EG
Minya Governorate,민야주,AF,EG
Monufia Governorate,모노피아 주,AF,EG
Matruh Governorate,마트루주,AF,EG
Port Said Governorate,포트사이드주,AF,EG
Sohag Governorate,소하그주,AF,EG
Sharqia Governorate,샤르키아 주,AF,EG
North Sinai Governorate,북시나이주,AF,EG
Suez Governorate,수에즈 주,AF,EG
New Valley Governorate,뉴밸리 주,AF,EG
Asturias,아스투리아스,EU,ES
Cantabria,칸타브리아,EU,ES
Ceuta (city),세우타(도시),EU,ES
Canary Islands,카나리아 제도,EU,ES
Catalonia,카탈로니아,EU,ES
Extremadura,에스트레마두라,EU,ES
Galicia,갈리시아,EU,ES
Islas Baleares,이슬라스 발레아레스,EU,ES
Murcia (region),무르시아(지역),EU,ES
Madrid (community),마드리드(커뮤니티),EU,ES
Melilla (city),멜리야(도시),EU,ES
Navarra,나바라,EU,ES
Basque Country,바스크 지방,EU,ES
La Rioja,라리오하,EU,ES
Valencia (community),발렌시아(커뮤니티),EU,ES
Addis Ababa,아디스 아바바,AF,ET
Afar Region,아파르 지역,AF,ET
Amhara Region,암하라 지역,AF,ET
Benishangul-Gumuz Region,베니샨굴-구무즈 지역,AF,ET
Dire Dawa,디레 다와,AF,ET
Gambela Region,감벨라 지역,AF,ET
Harari Region,하라리 지역,AF,ET
Oromia Region,오로미아 지역,AF,ET
"Southern Nations, Nationalities, and Peoples' Region","남부 국가, 국적 및 민족 지역",AF,ET
Somali Region,소말리아 지역,AF,ET
Tigray Region,티그레이 지역,AF,ET
Sidama Region,시다마 지역,AF,ET
South Karelia Region,남카렐리야 지역,EU,FI
South Ostrobothnia Region,남오스트로보스니아 지역,EU,FI
Southern Savonia Region,남부 사보니아 지역,EU,FI
Kainuu Region,카이누 지역,EU,FI
Central Ostrobothnia Region,중앙 오스트로보스니아 지역,EU,FI
Central Finland Region,핀란드 중부 지역,EU,FI
Kymenlaakso Region,키멘락소 지역,EU,FI
Pirkanmaa Region,피르칸마 지역,EU,FI
North Karelia Region,북카렐리아 지역,EU,FI
North Ostrobothnia Region,북오스트로보스니아 지역,EU,FI
Northern Savonia Region,북부 사보니아 지역,EU,FI
Satakunta Region,사타쿤타 지역,EU,FI
Uusimaa Region,우시마 지역,EU,FI
Southwest Finland Region,핀란드 남서부 지역,EU,FI
Central Division,중앙 디비전,OC,FJ
Eastern Division,동부 디비전,OC,FJ
Northern Division,북부 디비전,OC,FJ
Rotuma (dependency),로투마(종속성),OC,FJ
Western Division,서부지구,OC,FJ
Kosrae State,코스라에 주,OC,FM
Pohnpei State,폰페이 주,OC,FM
Chuuk State,추크 주,OC,FM
Yap State,얍 주,OC,FM
Centre-Val de Loire,Centre-Val de Loire,EU,FR
Grand Est,그랜드 에스트,EU,FR
Hauts-de-France,오드프랑스,EU,FR
Pays-de-la-Loire,페이드라루아르,EU,FR
Estuaire Province,에스투에르 주,AF,GA
Nyanga Province,냥가 주,AF,GA
Woleu-Ntem Province,울뢰엔템 주,AF,GA
England,영국,EU,GB
Saint Andrew,세인트 앤드류,NA,GD
Saint David,세인트 데이비드,NA,GD
Saint George,세인트 조지,NA,GD
Saint John,세인트 존,NA,GD
Saint Mark,세인트 마크,NA,GD
Saint Patrick,성 패트릭,NA,GD
Guria,구리아,AS,GE
Mtskheta-Mtianeti,므츠헤타-므티아네티,AS,GE
Racha-Lechkhumi and Kvemo Svaneti,라차-레치쿠미와 크베모 스바네티,AS,GE
Samtskhe-Javakheti,삼츠헤-자바케티,AS,GE
Shida Kartli,시다 카르틀리,AS,GE
Samegrelo-Zemo Svaneti,사메그렐로-제모 스바네티,AS,GE
Cayenne,고추,SA,GF
Saint-Laurent-du-Maroni,생로랑뒤마로니,SA,GF
Greater Accra Region,광역 아크라 지역,AF,GH
Ashanti Region,아샨티 지역,AF,GH
Brong-Ahafo Region,브롱아하포 지역,AF,GH
Central Region,중앙 지역,AF,GH
Eastern Region,동부지역,AF,GH
Northern Region,북부지역,AF,GH
Volta Region,볼타 지역,AF,GH
Upper East Region,어퍼 이스트 지역,AF,GH
Upper West Region,어퍼웨스트 지역,AF,GH
Western Region,서부지역,AF,GH
Banjul City,반줄시,AF,GM
Conakry Special Zone,코나크리 특구,AF,GN
Kindia Region,킨디아 지역,AF,GN
Faranah Region,파라나 지역,AF,GN
Kankan Region,칸칸 지방,AF,GN
Mamou Region,마모우 지역,AF,GN
Bioko Norte Province,비오코 노르테 주,AF,GQ
Bioko Sur Province,비오코수르 주,AF,GQ
Centro Sur Province,센트로 수르 주,AF,GQ
Kie-Ntem Province,키엔템 주,AF,GQ
Litoral Province,리토랄 주,AF,GQ
Wele-Nzas Province,벨레은자스 주,AF,GQ
Eastern Macedonia and Thrace,동부 마케도니아 및 트라키아,EU,GR
Western Greece,서부 그리스,EU,GR
Attica,아티카,EU,GR
Alta Verapez Department,알타베라페스 주,NA,GT
Baja Verapez Department,바하 베라페스 부서,NA,GT
Chimaltenango Department,치말테낭고 주,NA,GT
Chiquimula Department,치키물라학과,NA,GT
Escuintla Department,에스쿠인틀라 부서,NA,GT
Guatemala Department,과테말라 주,NA,GT
Huehuetenango Department,후에우에테낭고 주,NA,GT
Izabal Department,이사발주,NA,GT
Jalapa Department,잘라파 학과,NA,GT
Jutiapa Department,후티아파 부서,NA,GT
El Progreso Department,엘 프로그레소 부서,NA,GT
Quetzaltenango Department,케찰테낭고 주,NA,GT
Retalhuleu Department,레탈룰르학과,NA,GT
San Marcos Department,샌마르코스 주,NA,GT
Santa Rosa Department,산타로사 주,NA,GT
Totonicap'an Department,토토니캅안 부서,NA,GT
Zacapa Department,자카파 부서,NA,GT
Bolama Region,볼라마 지역,AF,GW
Biombo Region,비옴보 지역,AF,GW
Bissau Autonomous Sector,비사우 자치 부문,AF,GW
Cacheu Region,카체우 지역,AF,GW
Gabu Region,가부지역,AF,GW
Oio Region,오이오 지역,AF,GW
Quloara Region,쿠로아라 지역,AF,GW
Tombali Region,톰발리 지역,AF,GW
Barima-Waini,바리마-와이니,SA,GY
Cuyuni-Mazaruni,쿠유니-마자루니,SA,GY
Demerara-Mahaica,데메라라-마하이카,SA,GY
East Berbice-Corentyne,이스트 버비스-코렌타인,SA,GY
Essequibo Islands-West Demerara,에세퀴보 제도-웨스트 데메라라,SA,GY
Mahaica-Berbice,마하이카-버비스,SA,GY
Pomeroon-Supenaam,포메룬-수페남,SA,GY
Potaro-Siparuni,포타로-시파루니,SA,GY
Upper Demerara-Berbice,어퍼 데메라라-버비스,SA,GY
Upper Takutu-Upper Essequibo,어퍼 타쿠투-어퍼 에세퀴보,SA,GY
Choluteca Department,촐루테카 부서,NA,HN
Comayagua Department,코마야과주,NA,HN
Gracias a Dios Department,그라시아스 아 디오스 부서,NA,HN
Lempira Department,렘피라 부서,NA,HN
La Paz Department,라파스 주,NA,HN
Ocotepeque Department,옥테페케 부서,NA,HN
Olancho Department,올란초 학과,NA,HN
Valle Department,발레 부서,NA,HN
Yoro Department,요로과,NA,HN
Zagreb County,자그레브 카운티,EU,HR
Krapina-Zagorje County,크라피나-자고르예 카운티,EU,HR
Sisak-Moslavina County,시사크-모슬라비나 카운티,EU,HR
Karlovac County,카를로바츠 카운티,EU,HR
Bjelovar-Bilogora County,벨로바르-빌로고라 카운티,EU,HR
Primorje-Gorski Kotar County,Primorje-Gorski 코타르 카운티,EU,HR
Lika-Senj County,리카센주,EU,HR
Virovitica-Podravina County,비로비티차-포드라비나 카운티,EU,HR
Brod-Posavina County,브로드-포사비나 카운티,EU,HR
Zadar County,자다르 카운티,EU,HR
Osijek-Baranja County,오시예크-바란자 카운티,EU,HR
Vukovar-Srijem County,부코바르-스리젬 주,EU,HR
Split-Dalmatia County,스플리트달마티아 카운티,EU,HR
Istria County,이스트리아 카운티,EU,HR
Dubrovnik-Neretva County,두브로브니크-네레트바 카운티,EU,HR
Me岷imurje County,Me岷imurje 카운티,EU,HR
Zagreb (city),자그레브(도시),EU,HR
Artibonite Department,아티보니트 부서,NA,HT
Centre Department,센터부서,NA,HT
Grande'Anse Department,그란데안세 부서,NA,HT
Nord Department,노드 부서,NA,HT
Nord-Est Department,북동부,NA,HT
Nippes Department,니플스 부서,NA,HT
Nord-Ouest Department,북서부,NA,HT
Ouest Department,서부부,NA,HT
Sud Department,수드 부서,NA,HT
Sud-Est Department,남동부,NA,HT
Baranya County,바라냐 카운티,EU,HU
Budapest (capital city),부다페스트 (수도),EU,HU
Debrecen (city),데브레첸(도시),EU,HU
Eger (city),에게르(도시),EU,HU
Hajdu-Bihar County,하지두-비하르 주,EU,HU
Heves County,헤베스 카운티,EU,HU
Miskolc (city),미슈콜츠(도시),EU,HU
Nagykanizsa (city),나기카니자(도시),EU,HU
Pest County,페스트 카운티,EU,HU
Szeged (city),세게드(도시),EU,HU
Szombathely (city),솜바틀리(도시),EU,HU
Szolnok (city),졸노크(도시),EU,HU
Sopron (city),쇼프론(도시),EU,HU
Somogy County,소비지 카운티,EU,HU
Tolna County,톨나 카운티,EU,HU
Vas County,바스 카운티,EU,HU
Zala County,잘라 카운티,EU,HU
Zalaegerszeg (city),Zalaegerszeg(도시),EU,HU
Aceh,아체,AS,ID
Bali,발리,AS,ID
Bangka Belitung,방카 벨리퉁,AS,ID
Bengkulu,벵쿨루,AS,ID
Banten,반텐,AS,ID
Gorontalo,고론탈로,AS,ID
Jambi,잠비,AS,ID
Jawa Barat (West Java),자와 바라트(서자바),AS,ID
Jawa Timur (East Java),자와티무르(동자바),AS,ID
Jakarta Raya,자카르타 라야,AS,ID
Jawa Tengah (Central Java),자와 텡가(중부 자바),AS,ID
Kalimantan Barat (West Kalimantan),칼리만탄 바라트(서칼리만탄),AS,ID
Kalimantan Timur (East Kalimantan),칼리만탄 티무르(동칼리만탄),AS,ID
Kepulauan Riau,케풀라우안 리아우,AS,ID
Kalimantan Selatan (South Kalimantan),칼리만탄 셀라탄(남부 칼리만탄),AS,ID
Lampung,람풍,AS,ID
Maluku,말루쿠,AS,ID
Maluku Utara (North Maluku),말루쿠 우타라(북 말루쿠),AS,ID
Nusa Tenggara Barat (West Nusa Tenggara),누사 텡가라 바라트(서부 누사 텡가라),AS,ID
Nusa Tenggara Timur (East Nusa Tenggara),누사 텡가라 티무르(동부 누사 텡가라),AS,ID
Papua,파푸아,AS,ID
Riau,리아우,AS,ID
Sulawesi Utara (North Sulawesi),술라웨시 우타라(북술라웨시),AS,ID
Sumatera Barat (West Sumatra),수마트라 바라트(서수마트라),AS,ID
Sulawesi Tenggara (Southeast Sulawesi),술라웨시 텡가라(술라웨시 남동부),AS,ID
Sulawesi Selatan (South Sulawesi),술라웨시 셀라탄(남술라웨시),AS,ID
Sumatera Selatan (South Sumatra),수마트라 셀라탄(수마트라 남부),AS,ID
Sulawesi Tengah (Central Sulawesi),술라웨시 텡가(술라웨시 중부),AS,ID
Sumatera Utara (North Sumatra),수마트라 우타라(북 수마트라),AS,ID
Yogyakarta,족자카르타,AS,ID
County Cork,카운티 코크,EU,IE
County Clare,카운티 클레어,EU,IE
County Cavan,카운티 캐번,EU,IE
County Carlow,카운티 칼로,EU,IE
County Dublin,더블린 카운티,EU,IE
County Donegal,카운티 도네갈,EU,IE
County Galway,카운티 골웨이,EU,IE
County Kildare,카운티 킬데어,EU,IE
County Kilkenny,카운티 킬케니,EU,IE
County Kerry,카운티 케리,EU,IE
County Longford,카운티 롱포드,EU,IE
County Louth,카운티 라우스,EU,IE
County Limerick,카운티 리머릭,EU,IE
County Leitrim,카운티 레이트림,EU,IE
County Laois,라오이스 카운티,EU,IE
County Meath,카운티 미스,EU,IE
County Monaghan,카운티 모나한,EU,IE
County Mayo,마요 카운티,EU,IE
County Offaly,카운티 오팔리,EU,IE
County Roscommon,카운티 로스커먼,EU,IE
County Sligo,카운티 슬라이고,EU,IE
County Tipperary,카운티 티퍼레리,EU,IE
County Waterford,카운티 워터퍼드,EU,IE
County Westmeath,카운티 웨스트미스,EU,IE
County Wicklow,카운티 위클로,EU,IE
County Wexford,카운티 웩스퍼드,EU,IE
Andaman and Nicobar Islands,안다만 니코바르 제도,AS,IN
Andhra Pradesh,안드라프라데시,AS,IN
Arunachal Pradesh,아루나찰프라데시,AS,IN
Assam,아삼,AS,IN
Bihar,비하르,AS,IN
Chandigarh,찬디가르,AS,IN
Chhattisgarh,차티스가르,AS,IN
Dadra and Nagar Haveli and Daman and Diu,"다드라와 나가르 하벨리, 다만과 디우",AS,IN
Delhi (National Capital Territory),델리(수도 지역),AS,IN
Goa,고아,AS,IN
Gujarat,구자라트,AS,IN
Himachal Pradesh,히마찰프라데시,AS,IN
Haryana,하리아나,AS,IN
Jharkhand,자르칸드,AS,IN
Jammu and Kashmir,잠무카슈미르,AS,IN
Karnataka,카르나타카,AS,IN
Kerala,케 랄라,AS,IN
Ladakh,라다크,AS,IN
Lakshadweep,락샤드위프,AS,IN
Meghalaya,메갈라야,AS,IN
Maharashtra,마하라슈트라,AS,IN
Manipur,마니푸르,AS,IN
Madhya Pradesh,마디 야 프라데시,AS,IN
Mizoram,미조람,AS,IN
Nagaland,나가랜드,AS,IN
Punjab,펀자브어,AS,IN
Pondicherry,폰디체리,AS,IN
Rajasthan,라자스탄,AS,IN
Sikkim,시킴,AS,IN
Telangana,텔랑가나,AS,IN
Tamil Nadu,타밀나두어,AS,IN
Tripura,트리푸라,AS,IN
Uttar Pradesh,우타르프라데시,AS,IN
Uttarakhand,우타라칸드,AS,IN
West Bengal,서 뱅갈,AS,IN
Markazi Province,마르카지 주,AS,IR
Gilan Province,길란주,AS,IR
Mazandaran Province,마잔다란주,AS,IR
East Azerbaijan Province,동아제르바이잔 주,AS,IR
West Azerbaijan Province,서부아제르바이잔 주,AS,IR
Kermanshah Province,케르만샤 주,AS,IR
Khuzestan Province,후제스탄 주,AS,IR
Fars Province,파르스주,AS,IR
Kerman Province,케르만주,AS,IR
Razavi Khorasan Province,라자비호라산 주,AS,IR
Isfahan Province,이스파한 주,AS,IR
Sistan and Baluchestan Province,시스탄 및 발루체스탄 주,AS,IR
Kurdistan Province,쿠르디스탄 주,AS,IR
Hamadan Province,하마단 주,AS,IR
Chaharmahal and Bakhtiari Province,차하르마할 및 바크티아리 주,AS,IR
Lorestan Province,로레스탄 주,AS,IR
Iiam Province,이암주,AS,IR
Kohgiluyeh and Boyer-Ahmad Province,코길루예 및 보이어-아마드 주,AS,IR
Bushehr Province,부쉐르 주,AS,IR
Zanjan Province,잔잔 주,AS,IR
Semnan Province,셈난 주,AS,IR
Yazd Province,야즈드주,AS,IR
Hormozgan Province,호르모즈간 주,AS,IR
Tehran Province,테헤란 주,AS,IR
Ardabil Province,아르다빌 주,AS,IR
Qom Province,콤 주,AS,IR
Qazvin Province,카즈빈 주,AS,IR
Golestan Province,골레스탄 주,AS,IR
North Khorasan Province,북호라산 주,AS,IR
South Khorasan Province,남부 호라산 주,AS,IR
Alborz Province,알보르즈 주,AS,IR
Kingston Parish,킹스턴 교구,NA,JM
Saint Andrew Parish,세인트 앤드류 교구,NA,JM
Saint Thomas Parish,세인트 토마스 교구,NA,JM
Portland Parish,포틀랜드 교구,NA,JM
Saint Mary Parish,세인트 메리 교구,NA,JM
Saint Ann Parish,세인트 앤 교구,NA,JM
Trelawny Parish,트릴로니 교구,NA,JM
Saint James Parish,세인트 제임스 교구,NA,JM
Hanover Parish,하노버 교구,NA,JM
Westmoreland,웨스트모어랜드,NA,JM
Saint Elizabeth Parish,세인트 엘리자베스 교구,NA,JM
Manchester Parish,맨체스터 교구,NA,JM
Clarendon Parish,클라렌던 교구,NA,JM
Saint Catherine Parish,세인트 캐서린 교구,NA,JM
Ajln Governorate,아즐른 주,AS,JO
Amman Governorate,암만 주,AS,JO
Al 'Aqaba Governorate,알아카바주,AS,JO
At Tafilah Governorate,타필라 주에서,AS,JO
Az Zarga Governorate,아즈 자르가 주,AS,JO
Al Balqa' Governorate,알 발카 주,AS,JO
Jarash Governorate,자라쉬주,AS,JO
Irbid Governorate,이르비드주,AS,JO
Al Karak Governorate,알 카락 주,AS,JO
Al Mafraq Governorate,알 마프라크 주,AS,JO
Madaba Governorate,마다바 주,AS,JO
Ma'an Governorate,마안주,AS,JO
Nairobi Province,나이로비 주,AF,KE
Nyanza Province,냔자 주,AF,KE
Rift Valley Province,리프트 밸리 주,AF,KE
Batken Region,바켄 지역,AS,KG
Bishkek City,비슈케크 시티,AS,KG
Osh City,오쉬 시티,AS,KG
Jalal-Abad Region,잘랄아바드 지역,AS,KG
Naryn Region,나린 지역,AS,KG
Osh Region,오쉬 지역,AS,KG
Talas Region,탈라스 지역,AS,KG
Gilbert Islands,길버트 제도,OC,KI
Line Islands,라인 제도,OC,KI
Phoenix Islands,피닉스 제도,OC,KI
Anjouan (Ndzouani),앙주안(Ndzouani),AF,KM
Grande Comore (Ngazidja),그란데 코모레(Ngazidja),AF,KM
Pyongyang (capital city),평양(수도),AS,KP
Chagang Province,자강도,AS,KP
South Hwanghae Province,황해남도,AS,KP
North Hwanghae Province,황해북도,AS,KP
Kangwon Province,강원도,AS,KP
South Hamgyong Province,함경남도,AS,KP
North Hamgyong Province,함경북도,AS,KP
Seoul Teugbyeolsi,서울특별시,AS,KR
Busan Gwang'yeogsi,부산 광역시,AS,KR
Daegu Gwang'yeogsi,대구 광역시,AS,KR
Incheon Gwang'yeogsi,인천 광역시,AS,KR
Gwangju Gwang'yeogsi,광주광역시,AS,KR
Daejeon Gwang'yeogsi,대전 광역시,AS,KR
Ulsan Gwang'yeogsi,울산 광역시,AS,KR
Gyeonggido,경기도,AS,KR
Gang'weondo,강원도,AS,KR
Chungcheongbugdo,충청북도,AS,KR
Chungcheongnamdo,충청남도,AS,KR
Jeonrabugdo,전라북도,AS,KR
Jeonranamdo,전라남도,AS,KR
Gyeongsangbugdo,경상북도,AS,KR
Gyeongsangnamdo,경상남도,AS,KR
Jejudo,제주도,AS,KR
Al Ahmadi Governorate,알 아마디 주,AS,KW
Al Farwaniyah Governorate,알 파르와니야 주,AS,KW
Hawalli Governorate,하왈리 주,AS,KW
Al Jahra Governorate,알 자흐라 주,AS,KW
Mubarak Al-Kabeer Governorate,무바라크 알 카비르 주,AS,KW
Attapu Province,아타푸주,AS,LA
Bokeo Province,보커도,AS,LA
Bolikhamxai Province,볼리캄사이 주,AS,LA
Champasak Province,참파삭 주,AS,LA
Houaphan Province,후아판 주,AS,LA
Khammouan Province,캄무안주,AS,LA
Louang Namtha Province,루앙남타 주,AS,LA
Louangphabang Province,루앙파방주,AS,LA
Oudomxai Province,우돔싸이 주,AS,LA
Phongsali Province,퐁살리 주,AS,LA
Salavan Province,살라반 주,AS,LA
Savannakhet Province,사반나케트주,AS,LA
Xaignabouli Province,사이냐불리 주,AS,LA
Xekong Province,세콩주,AS,LA
Xiangkhoang Province,샹캉성,AS,LA
Xiasomboun Province,샤삼분성,AS,LA
Beirut Governorate,베이루트 주,AS,LB
Baalbek-Hermel Governorate,바알베크-헤르멜 주,AS,LB
Anse la Raye,안세 라 레이,NA,LC
Castries,캐스트리스,NA,LC
Choiseul,초이슬,NA,LC
Dauphin,황태자,NA,LC
Dennery,데너리,NA,LC
Gros Islet,그로스 아일렛,NA,LC
Laborie,라보리,NA,LC
Micoud,미쿠,NA,LC
Praslin,프랄린,NA,LC
Vieux Fort,비유 요새,NA,LC
Balzers,발저스,EU,LI
Eschen,에셴,EU,LI
Gamprin,감프린,EU,LI
Mauren,마우렌,EU,LI
Planken,플랑켄,EU,LI
Ruggell,루겔,EU,LI
Schaan,샨,EU,LI
Schellenberg,셸렌베르크,EU,LI
Triesen,트리젠,EU,LI
Triesenberg,트리센베르그,EU,LI
Vaduz,파두츠,EU,LI
Bong County,봉현,AF,LR
Bomi County,보미군,AF,LR
Grand Cape Mount County,그랜드 케이프 마운트 카운티,AF,LR
Grand Basaa County,그랜드 바사 카운티,AF,LR
Grand Gedeh County,그랜드 게데 카운티,AF,LR
Grand Kru County,그랜드 크루 카운티,AF,LR
Lofa County,로파 카운티,AF,LR
Margibi County,마르기비 카운티,AF,LR
Montserrado County,몬세라도 카운티,AF,LR
Maryland County,메릴랜드 카운티,AF,LR
Nimba County,님바 카운티,AF,LR
Rivercess County,리버세스 카운티,AF,LR
Sinoe County,시노에 카운티,AF,LR
Maseru District,마세루 지구,AF,LS
Butha-Buthe District,부타부테 지구,AF,LS
Leribe District,레리베 지구,AF,LS
Berea District,베뢰아 지구,AF,LS
Mafeteng District,마페텡 지구,AF,LS
Mohale's Hoek District,모할레 호엑 지구,AF,LS
Quthing District,취팅구,AF,LS
Qacha's Nek District,카차 네크 지구,AF,LS
Mokhotlong District,모코틀롱 지구,AF,LS
Thaba-Tseka District,타바-체카 지구,AF,LS
Kaunas County,카우나스 카운티,EU,LT
Utena County,우테나 군,EU,LT
Diekirch,디키르히,EU,LU
Grevenmacher,그레벤마허,EU,LU
Luxembourg,룩셈부르크,EU,LU
Aizkraukle Municipality,아이즈크라우클 지방자치단체,EU,LV
Balvi Municipality,발비 지방자치단체,EU,LV
Bauska Municipality,바우스카 지방자치단체,EU,LV
Dobele Municipality,도벨레 지방자치단체,EU,LV
Gulbene Municipality,굴베네 지방자치단체,EU,LV
Jelgava Municipality,옐가바 지방자치단체,EU,LV
Ludza Municipality,루자 지방자치단체,EU,LV
Madona Municipality,마도나 지방자치단체,EU,LV
Ogre Municipality,오우거 지방자치단체,EU,LV
Olaine Municipality,올라인 지방자치단체,EU,LV
Salaspils Municipality,살라스필스 지방자치단체,EU,LV
Saldus Municipality,살두스 지방자치단체,EU,LV
Saulkrasti Municipality,사울크라스티 지방자치단체,EU,LV
Sigulda Municipality,시굴다 지방자치단체,EU,LV
Smiltene Municipality,스밀테네 지방자치단체,EU,LV
Talsi Municipality,탈시 지방자치단체,EU,LV
Tukums Municipality,투쿰스 지방자치단체,EU,LV
Valka Municipality,발카 지방자치단체,EU,LV
Ventspils Municipality,벤츠필스 지방자치단체,EU,LV
South Kurzeme Municipality,사우스 쿠르제메 지방자치단체,EU,LV
Valmiera Municipality,발미에라 지방자치단체,EU,LV
Daugavpils (city),다우가프필스(도시),EU,LV
Jelgava (city),젤가바(도시),EU,LV
Ventspils (city),벤츠필스(도시),EU,LV
Darnah District,다르나 지구,AF,LY
Al Jabal al Gharbi District,알 자발 알 가르비 지구,AF,LY
Al Jufrah District,알 주프라 지구,AF,LY
Al Kufrah District,알 쿠프라 지구,AF,LY
Al Marj District,알 마르즈 지구,AF,LY
Murzuq District,무르주크 지구,AF,LY
An Nuqat al Khams District,안 누카트 알 캄스 지구,AF,LY
Surt District,수르트 지구,AF,LY
Agadir Province,아가디르 주,AF,MA
Assa-Zag Province,아사재그 주,AF,MA
Azilal Province,아질랄 주,AF,MA
Beni Mellal Province,베니멜랄 주,AF,MA
Berkane Province,베르카네 주,AF,MA
Ben Sllmane Province,벤슬마네 주,AF,MA
Boujdour Province,부이두르주,AF,MA
Boulemane Province,불르망 주,AF,MA
Chefchaouene Province,쉐프샤우엔주,AF,MA
Chichaoua Province,치차우아 주,AF,MA
Errachidia Province,에라시디아 주,AF,MA
Essaouira Province,에사우이라 주,AF,MA
Es Smara Province,에스마라 주,AF,MA
Figuig Province,피기그주,AF,MA
Guelmim Province,겔밈 주,AF,MA
El Hajeb Province,엘하제브주,AF,MA
Al Haouz Province,알 하우즈 주,AF,MA
Ifrane Province,이프란주,AF,MA
El Jadida Province,엘자디다 주,AF,MA
Jerada Province,제라다주,AF,MA
Kelaat Sraghna Province,켈라트스라그나 주,AF,MA
Khemisaet Province,케미시트 주,AF,MA
Khenifra Province,케니프라주,AF,MA
Khouribga Province,쿠리브가 주,AF,MA
Larache Province,라라슈주,AF,MA
Marrakech Province,마라케시 주,AF,MA
Nador Province,나도르 주,AF,MA
Ouarzazate Province,와르자자트 주,AF,MA
Oued ed Dahab (EH) Province,Oued Ed Dahab (EH) 주,AF,MA
Oujda Province,우지다 주,AF,MA
Safi Province,사피 주,AF,MA
Sefrou Province,세프로우 주,AF,MA
Settat Province,세타트 주,AF,MA
Sidl Kacem Province,시들카쳄 주,AF,MA
Taounate Province,타우나테 주,AF,MA
Taroudannt Province,타로단트 주,AF,MA
Tata Province,타타 주,AF,MA
Taza Province,타자 주,AF,MA
Tiznit Province,티즈니트 주,AF,MA
Tanger Province,탕헤르주,AF,MA
Tan-Tan Province,탄탄 주,AF,MA
Anenii Noi District,아네니 노이 지구,EU,MD
Bender (city),벤더(도시),EU,MD
Briceni District,브리세니 지구,EU,MD
Basarabeanca District,바사라빈카 지구,EU,MD
Cahul District,카훌 지구,EU,MD
Criuleni District,크리울레니 지구,EU,MD
Cantemir District,칸테미르 지구,EU,MD
Drochia District,드로키아 지구,EU,MD
Gagauzia (autonomous territorial unit),Gagauzia (자치 영토 단위),EU,MD
Glodeni District,글로데니 지구,EU,MD
Ialoveni District,이알로베니 지구,EU,MD
Leova District,레오바 지구,EU,MD
Nisporeni District,니스포레니 지구,EU,MD
Orhei District,오르헤이지구,EU,MD
Rezina District,레지나 지구,EU,MD
Soroca District,소로카 지구,EU,MD
Taraclia District,타라클리아 지구,EU,MD
Ungheni District,웅게니 지구,EU,MD
Andrijevica Municipality,안드리예비차 지방자치단체,EU,ME
Bar Municipality,바르 지방자치단체,EU,ME
Berane Municipality,베라네 지방자치단체,EU,ME
Bijelo Polje Municipality,비옐로 폴예 지방자치단체,EU,ME
Budva Municipality,부드바 지방자치단체,EU,ME
Cetinje Municipality,세티네 지방자치단체,EU,ME
Danilovgrad Municipality,다닐로브그라드 지방자치단체,EU,ME
Herceg-Novi Municipality,헤르체그노비 지방자치단체,EU,ME
Kotor Municipality,코토르 지방자치단체,EU,ME
Mojkovac Municipality,모이코바츠 지방자치단체,EU,ME
Plav Municipality,플라브 지방자치단체,EU,ME
Pljevlja Municipality,Pljevlja 지방자치단체,EU,ME
Podgorica Municipality,포드고리차 지방자치단체,EU,ME
Tivat Municipality,티바트 지방자치단체,EU,ME
Ulcinj Municipality,울치니 지방자치단체,EU,ME
Toamasina,토아마시나,AF,MG
Antsiranana,안트시라나나,AF,MG
Fianarantsoa,피아나란초아,AF,MG
Mahajanga,마하장가,AF,MG
Antananarivo,안타나나리보,AF,MG
Toliara,톨리아라,AF,MG
Ailuk,아이루크,OC,MH
Ailinglapalap,아일링라팔랍,OC,MH
Arno,아르노,OC,MH
Aur,오르,OC,MH
Bikini,비키니,OC,MH
Ebon,에본,OC,MH
Eniwetok,에니웨톡,OC,MH
Jaluit,잘루이트,OC,MH
Kili,킬리,OC,MH
Kwajalein,콰잘레인,OC,MH
Lae,래,OC,MH
Lib,도서관,OC,MH
Likiep,리킵,OC,MH
Majuro,마주로,OC,MH
Maloelap,말로랩,OC,MH
Mejit,메짓,OC,MH
Mili,밀리,OC,MH
Namorik,나모릭,OC,MH
Namu,나무,OC,MH
Rongelap,론겔랩,OC,MH
Ujae,우재,OC,MH
Ujelang,우제랑,OC,MH
Utirik,유티릭,OC,MH
Wotje,워체,OC,MH
Wotho,워토,OC,MH
Vardar Statistical Region,바르다르 통계 지역,EU,MK
Eastern Statistical Region,동부 통계 지역,EU,MK
Southwestern Statistical Region,남서부 통계 지역,EU,MK
Southeastern Statistical Region,남동부 통계 지역,EU,MK
Pelagonia Statistical Region,Pelagonia 통계 지역,EU,MK
Polog Statistical Region,폴로그 통계 지역,EU,MK
Northeastern Statistical Region,북동부 통계 지역,EU,MK
Skopje Statistical Region,스코페 통계 지역,EU,MK
Kayes Region,케이즈 지역,AF,ML
Sikasso Region,시카소 지역,AF,ML
Mopti Region,몹티 지역,AF,ML
Tombouctou Region,통북투 지역,AF,ML
Gao Region,가오 지역,AF,ML
Kidal Region,키달 지역,AF,ML
Bamako Capital District,바마코 수도 지구,AF,ML
Sagaing Region,사가잉 지역,AS,MM
Bago Region,바고 지역,AS,MM
Magway Region,마그웨이 지역,AS,MM
Mandalay Region,만달레이 지역,AS,MM
Tanintharyi Region,타닌타리 지역,AS,MM
Yangon Region,양곤 지역,AS,MM
Ayeyarwady Region,에야와디 지역,AS,MM
Kachin State,카친 주,AS,MM
Kayah State,카야 주,AS,MM
Kayin State,카인 주,AS,MM
Chin State,턱 주,AS,MM
Mon State,월 주,AS,MM
Rakhine State,라카인 주,AS,MM
Shan State,샨 주,AS,MM
Orkhon Province,오르콘 주,AS,MN
Darkhan-Uul Province,다르한울 주,AS,MN
Khentii Province,켄티주,AS,MN
Uvs Province,uvs 주,AS,MN
Selenge Province,셀렝게 주,AS,MN
Dornod Province,도르노드 주,AS,MN
Govi-Altai Province,고비알타이 주,AS,MN
Bulgan Province,불간주,AS,MN
Bayankhongor Province,바양홍고르주,AS,MN
Arhangay Province,아르항가이 주,AS,MN
Ulaanbaatar (provincial municipality),울란바토르(지방자치단체),AS,MN
Hodh ech Chargui Region,호드에흐차르구이 지역,AF,MR
Hodh el Gharbi Region,호드엘가르비 지역,AF,MR
Assaba Region,아사바 지역,AF,MR
Gorgol Region,고르골 지역,AF,MR
Brakna Region,브라크나 지역,AF,MR
Trarza Region,트라자 지역,AF,MR
Adrar Region,아드라르 지역,AF,MR
Dakhlet Nouadhibou Region,다흐렛 누아디부 지역,AF,MR
Tagant Region,타간트 지역,AF,MR
Guidimaka Region,구이디마카 지역,AF,MR
Tiris Zemmour Region,티리스 제모어 지역,AF,MR
Inchiri Region,인치리 지역,AF,MR
Nouakchott Region,누악쇼트 지역,AF,MR
Saint Anthony Parish,성 안토니오 교구,NA,MS
Saint Georges Parish,세인트 조지 교구,NA,MS
Saint Peter Parish,성 베드로 교구,NA,MS
Attard,아타드,EU,MT
Balzan,발잔,EU,MT
Birgu,비르구,EU,MT
Birkirkara,비르키르카라,EU,MT
Bormla,보믈라,EU,MT
Dingli,딩리,EU,MT
Fgura,프구라,EU,MT
Floriana,플로리아나,EU,MT
Fontana,폰타나,EU,MT
Gudja,구자,EU,MT
Gzira,그지라,EU,MT
G岸ajnsielem,G岸ajnsielem,EU,MT
G岸arb,Garb,EU,MT
G岸arg岸ur,Gargargur,EU,MT
G岸asri,그아스리,EU,MT
G岸axaq,G岸axaq,EU,MT
角amrun,암런,EU,MT
Iklin,이클린,EU,MT
Isla,이슬라,EU,MT
Kalkara,칼카라,EU,MT
Kirkop,키르코프,EU,MT
Lija,리자,EU,MT
Marsaskala,마르사스칼라,EU,MT
Marsaxlokk,마샬록,EU,MT
Mdina,엠디나,EU,MT
Mellie岸a,멜리야,EU,MT
Mosta,모스타,EU,MT
Mqabba,음카바,EU,MT
Msida,음시다,EU,MT
Mtarfa,음타르파,EU,MT
Munxar,문샤르,EU,MT
Nadur,나두르,EU,MT
Naxxar,낙사르,EU,MT
Paola,파올라,EU,MT
Pembroke,펨브로크,EU,MT
Qala,칼라,EU,MT
Qormi,코르미,EU,MT
Qrendi,크렌디,EU,MT
Rabat Gozo,라바트 고조,EU,MT
Rabat Malta,라바트 몰타,EU,MT
Safi,사피,EU,MT
Saint Julian's,세인트 줄리안,EU,MT
Saint John,세인트 존,EU,MT
Saint Lawrence,세인트 로렌스,EU,MT
Saint Paul's Bay,세인트폴스베이,EU,MT
Sannat,사넷,EU,MT
Saint Lucia's,세인트 루시아,EU,MT
Santa Venera,산타 베네라,EU,MT
Sliema,슬리에마,EU,MT
Swieqi,스위치,EU,MT
Ta' Xbiex,타'엑스비엑스,EU,MT
Tarxien,Tarxien,EU,MT
Valletta,발레타,EU,MT
Xag岸ra,Xag岸ra,EU,MT
Xewkija,Xewkija,EU,MT
Xg岸ajra,Xg岸ajra,EU,MT
Agalega Islands,아갈레가 제도,AF,MU
Black River,블랙리버,AF,MU
Beau Bassin-Rose Hill,보 바신-로즈 힐,AF,MU
Cargados Carajos Shoals,카르가도스 카라조스 숄즈,AF,MU
Curepipe,쿠레피페,AF,MU
Flacq,플라크,AF,MU
Grand Port,그랜드 포트,AF,MU
Moka,모카,AF,MU
Pamplemousses,팜플무스,AF,MU
Port Louis (district),포트 루이스(지구),AF,MU
Port Louis,포트 루이스,AF,MU
Plaines Wilhems,플레인스 윌헴스,AF,MU
Quatre Bornes,콰트로 보네스,AF,MU
Rodrigues Island,로드리게스 섬,AF,MU
Riviere du Rempart,리비에르 뒤 렘파르,AF,MU
Savanne,사반느,AF,MU
Vacosa-Phoenix,바코사-피닉스,AF,MU
Alif Dhaal Atoll,알리프달 환초,AS,MV
Alif Alif Atoll,알리프 알리프 환초,AS,MV
Lhaviyani Atoll,라비야니 환초,AS,MV
Vaavu Atoll,바아부 환초,AS,MV
Laamu Atoll,라아무 환초,AS,MV
Haa Alif Atoll,하알리프 환초,AS,MV
Meemu Atoll,미무 환초,AS,MV
Raa Atoll,라 아톨,AS,MV
Faafu Atoll,파푸 환초,AS,MV
Dhaalu Atoll,다루아톨,AS,MV
Baa Atoll,바 아톨,AS,MV
Haa Dhaalu Atoll,하달루 환초,AS,MV
Shaviyani Atoll,샤비야니 환초,AS,MV
Noonu Atoll,누누 환초,AS,MV
Kaafu Atoll,카푸 환초,AS,MV
Gaafu Alifu Atoll,가푸알리푸 환초,AS,MV
Gaafu Dhaalu Atoll,가푸달루 환초,AS,MV
Gnaviyani Atoll,그나비야니 환초,AS,MV
Balaka District,발라카 지구,AF,MW
Blantyre District,블랜타이어 지구,AF,MW
Chikwawa District,치콰와 지구,AF,MW
Chiradzulu District,치라줄루 지구,AF,MW
Chitipa District,치티파 지구,AF,MW
Dedza District,데자 지구,AF,MW
Dowa District,도와지구,AF,MW
Karonga District,카롱가 지구,AF,MW
Kasungu District,카숭구 지구,AF,MW
Lilongwe District,릴롱웨 지구,AF,MW
Likoma Island District,리코마 아일랜드 지구,AF,MW
Mchinji District,음친지 지구,AF,MW
Mangochi District,망고치 지구,AF,MW
Machinga District,마칭가 지구,AF,MW
Mulanje District,물란제 지구,AF,MW
Mwanza District,므완자 지구,AF,MW
Mzimba District,음짐바 지구,AF,MW
Nkhata Bay District,은카타 베이 지구,AF,MW
Ntchisi District,은치시 지구,AF,MW
Nkhotakota District,은코타코타 지구,AF,MW
Nsanje District,은산제 지구,AF,MW
Ntcheu District,은체우 지구,AF,MW
Phalomba District,팔롬바 지구,AF,MW
Rumphi District,룸피 지구,AF,MW
Salima District,살리마 지구,AF,MW
Thyolo District,티올로 지구,AF,MW
Zomba District,좀바 지구,AF,MW
Aguascalientes,아과스칼리엔테스,NA,MX
Baja California,바하 캘리포니아,NA,MX
Baja California Sur,바하 캘리포니아 수르,NA,MX
Campeche,캄페체,NA,MX
Chihuahua,치와와,NA,MX
Chiapas,치아파스,NA,MX
Coahuila,코아우일라,NA,MX
Colima,콜리마,NA,MX
Durango,듀랑고,NA,MX
Guerrero,게레로,NA,MX
Guanajuato,과나후아토,NA,MX
Hidalgo,이달고,NA,MX
Jalisco,할리스코,NA,MX
Morelos,모렐로스,NA,MX
Nayarit,나야리트,NA,MX
Oaxaca,오악사카,NA,MX
Puebla,푸에블라,NA,MX
Quintana Roo,킨타나 루,NA,MX
Sinaloa,시날로아,NA,MX
Sonora,소노라,NA,MX
Tabasco,타바스코,NA,MX
Tamaulipas,타마울리파스,NA,MX
Tlaxcala,틀락스칼라,NA,MX
Veracruz,베라크루즈,NA,MX
Zacatecas,사카테카스,NA,MX
Johor,조호르,AS,MY
Kedah,케다,AS,MY
Kelantan,켈란탄,AS,MY
Melaka,멜라카,AS,MY
Negeri Sembilan,네게리 셈빌란,AS,MY
Pahang,파항,AS,MY
Penang,페낭,AS,MY
Perak,페락,AS,MY
Perlis,페를리스,AS,MY
Selangor,셀랑고르,AS,MY
Terengganu,테렝가누,AS,MY
Sabah,사바,AS,MY
Sarawak,사라왁,AS,MY
Kuala Lumpur (Federal Territory),쿠알라룸푸르(연방 영토),AS,MY
Labuan (Federal Territory),라부안(연방영토),AS,MY
Putrajaya (Federal Territory),푸트라자야(연방 영토),AS,MY
Niassa Province,니아사 주,AF,MZ
Manica Province,마니카 주,AF,MZ
Gaza Province,가자주,AF,MZ
Inhambane Province,인함바네주,AF,MZ
Maputo Province,마푸토 주,AF,MZ
Maputo (city),마푸토(도시),AF,MZ
Nampula Province,남풀라 주,AF,MZ
Cabo Delgado Province,카보델가도 주,AF,MZ
Zambezia Province,잠베지아 주,AF,MZ
Sofala Province,소팔라주,AF,MZ
Tete Province,테테 주,AF,MZ
Zambezi Region,잠베지 지역,AF,NA
Erongo Region,에롱고 지역,AF,NA
Hardap Region,하르다프 지역,AF,NA
Kavango East Region,카방고 동부 지역,AF,NA
Khomas Region,호마스 지역,AF,NA
Kunene Region,쿠네네 지역,AF,NA
Kavango West Region,카방고 서부 지역,AF,NA
Otjozondjupa Region,오초존주파 지역,AF,NA
Omaheke Region,오마헤케 지역,AF,NA
Oshana Region,오샤나 지역,AF,NA
Omusati Region,오무사티 지역,AF,NA
Oshikoto Region,오시코토 지방,AF,NA
Ohangwena Region,오항웨나 지역,AF,NA
Agadez Region,아가데즈 지역,AF,NE
Diffa Region,디파 지역,AF,NE
Dosso Region,도소 지역,AF,NE
Maradi Region,마라디 지역,AF,NE
Tahoua Region,타호아 지역,AF,NE
Zinder Region,진더 지역,AF,NE
Niamey Capital District,니아메 수도 지구,AF,NE
Abia State,아비아 주,AF,NG
Adamawa State,아다마와 주,AF,NG
Akwa Ibom State,아콰이봄 주,AF,NG
Anambra State,아남브라 주,AF,NG
Bauchi State,바우치 주,AF,NG
Benue State,베누 주,AF,NG
Borno State,보르노주,AF,NG
Bayelsa State,바이엘사 주,AF,NG
Cross River State,크로스리버주,AF,NG
Delta State,델타 주,AF,NG
Ebonyi State,에보니 주,AF,NG
Edo State,에도국,AF,NG
Ekiti State,에키티 주,AF,NG
Enugu State,에누구주,AF,NG
Abuja Capital Territory,아부자 수도 준주,AF,NG
Gombe State,곰베 주,AF,NG
Imo State,이모 주,AF,NG
Jigawa State,지가와주,AF,NG
Kaduna State,카두나 주,AF,NG
Kebbi State,케비 스테이트,AF,NG
Kano State,카노 주,AF,NG
Kogi State,고기국,AF,NG
Katsina State,카치나 주,AF,NG
Kwara State,크와라 주,AF,NG
Lagos State,라고스 주,AF,NG
Nasarawa State,나사라와주,AF,NG
Niger State,니제르 주,AF,NG
Ogun State,오군 주,AF,NG
Ondo State,온도주,AF,NG
Osun State,오순주,AF,NG
Oyo State,오요 주,AF,NG
Plateau State,고원 주,AF,NG
Rivers State,리버스 주,AF,NG
Sokoto State,소코토 주,AF,NG
Taraba State,타라바 주,AF,NG
Yobe State,요베주,AF,NG
Zamfara State,잠파라 주,AF,NG
Boaco Department,보아코 부서,NA,NI
Carazo Department,카라조 부서,NA,NI
Chinandega Department,치난데가학과,NA,NI
Chontales Department,촌탈레스 부서,NA,NI
Granada Department,그라나다 주,NA,NI
Jinotega Department,히노테가 학과,NA,NI
Madriz Department,마드리즈주,NA,NI
Managua Department,마나과 주,NA,NI
Masaya Department,마사야주,NA,NI
Matagalpa Department,마타갈파주,NA,NI
Nueva Segovia,누에바 세고비아,NA,NI
Rivas Department,리바스 부서,NA,NI
Drenthe,드렌테,EU,NL
Flevoland,플레보랜드,EU,NL
Friesland,프리슬란트,EU,NL
Gelderland,겔더란트,EU,NL
Groningen,흐로닝언,EU,NL
Limburg,림부르크,EU,NL
Noord-Brabant,노르트브라반트,EU,NL
Noord-Holland,노르트홀란트,EU,NL
Overijssel,오버레이셀,EU,NL
Utrecht,위트레흐트,EU,NL
Zuid-Holland,쥐트홀란트,EU,NL
Zeeland,질랜드,EU,NL
Oslo,오슬로,EU,NO
Rogaland,로갈랜드,EU,NO
M?re og Romsdal,M?re og Romsdal,EU,NO
Nordland,노르들란트,EU,NO
Svalbard,스발바르,EU,NO
Jan Mayen,얀 마옌,EU,NO
Viken,비켄,EU,NO
Innlandet,인란뎃,EU,NO
Vestfold og Telemark,조끼와 텔레마크,EU,NO
Agder,아그데르,EU,NO
Vestland,베스트랜드,EU,NO
Tr?ndelag,Tr?ndelag,EU,NO
Troms og Finnmark,트롬스 및 핀마르크,EU,NO
*Offshore Oil Platforms,*해양 석유 플랫폼,EU,NO
Bagmati Province,바그마티 주,AS,NP
Aiwo,아이워,OC,NR
Anabar,아나바르,OC,NR
Anetan,아네탄,OC,NR
Anibare,아니바레,OC,NR
Baiti,바이티,OC,NR
Boe,보,OC,NR
Buada,부아다,OC,NR
Denigomodu,데니고모두,OC,NR
Ewa,에와,OC,NR
Ijuw,이주,OC,NR
Meneng,메렝,OC,NR
Nibok,니복,OC,NR
Uaboe,우아보에,OC,NR
Yaren,야렌,OC,NR
Auckland Region,오클랜드 지역,OC,NZ
Bay of Plenty Region,베이오브플렌티 지역,OC,NZ
Canterbury Region,캔터베리 지역,OC,NZ
Hawke's Bay Region,혹스베이 지역,OC,NZ
Marlborough Region,말보로 지역,OC,NZ
Manawatu-Wanganui Region,마나와투-왕가누이 지역,OC,NZ
Nelson Region,넬슨 지역,OC,NZ
Northland Region,노스랜드 지역,OC,NZ
Otago Region,오타고 지역,OC,NZ
Southland Region,사우스랜드 지역,OC,NZ
Tasman Region,태즈먼 지역,OC,NZ
Taranaki Region,타라나키 지역,OC,NZ
Wellington Region,웰링턴 지역,OC,NZ
Waikato Region,와이카토 지역,OC,NZ
West Coast Region,서해안 지역,OC,NZ
Al Batinah Governorate,알 바티나 주,AS,OM
Ad Dakhiliyah Governorate,아드 다킬리야 주,AS,OM
Masqat Governorate,마스캇주,AS,OM
Musandam Governorate,무산담주,AS,OM
Ash Sharqlyah Governorate,Ash Sharqlyah 주,AS,OM
Al Wusta Governorate,알 우스타 주,AS,OM
Al Dhahirah Governorate,알다히라 주,AS,OM
Bocas del Toro Province,보카스델토로 주,NA,PA
Herrera Province,에레라 주,NA,PA
Los Santos Province,로스산토스 주,NA,PA
Veraguas Province,베라과스 주,NA,PA
Amazonas Region,아마조나스 지역,SA,PE
Ancash Region,앙캐시 지역,SA,PE
Arequipa Region,아레키파 지역,SA,PE
Ayacucho Region,아야쿠초 지역,SA,PE
Cajamarca Region,카하마르카 지역,SA,PE
El Callao Region,엘 칼라오 지역,SA,PE
Cuzco Region,쿠스코 지역,SA,PE
Huancavelica Region,우아카벨리카 지역,SA,PE
Ica Region,이카 지역,SA,PE
La Libertad Region,라리베르타드 지역,SA,PE
Lambayeque Region,Lambayeque 지역,SA,PE
Lima Region,리마 지역,SA,PE
Loreto Region,로레토 지역,SA,PE
Madre de Dios Region,마드레 데 디오스 지역,SA,PE
Moquegua Region,모케구아 지역,SA,PE
Pasco Region,파스코 지역,SA,PE
Piura Region,피우라 지역,SA,PE
Puno Region,푸노 지역,SA,PE
Tacna Region,타크나 지역,SA,PE
Tumbes Region,툼베스 지역,SA,PE
Ucayali Region,우카얄리 지역,SA,PE
Chimbu Province,침부주,OC,PG
Central Province,중부 지방,OC,PG
East New Britain Province,뉴브리튼 주,OC,PG
Eastern Highlands Province,이스턴 하이랜즈 주,OC,PG
Enga Province,엥가 주,OC,PG
East Sepik Province,동세픽 주,OC,PG
Gulf Province,걸프 주,OC,PG
Hela Province,헬라주,OC,PG
Jiwaka Province,지와카 국,OC,PG
Milne Bay Province,밀른 베이 주,OC,PG
Morobe Province,모로베 지방,OC,PG
Madang Province,마당주,OC,PG
Manus Province,마누스 주,OC,PG
National Capital District (Port Moresby),수도 지구(포트모르즈비),OC,PG
New Ireland Province,뉴아일랜드 주,OC,PG
Northern Province,북부 지방,OC,PG
Southern Highlands Province,서던하이랜드 주,OC,PG
West New Britain Province,웨스트 뉴브리튼 주,OC,PG
Western Highlands Province,웨스턴하이랜즈 주,OC,PG
Western Province,서부 지방,OC,PG
Abra Province,아브라주,AS,PH
Agusan del Norte Province,아구산델노르테주,AS,PH
Agusan del Sur Province,아구산델수르주,AS,PH
Aklan Province,아클란주,AS,PH
Albay Province,알바이 주,AS,PH
Antique Province,앤티크 지방,AS,PH
Apayao Province,아파야오주,AS,PH
Aurora Province,오로라 지방,AS,PH
Bataan Province,바탄주,AS,PH
Basilan Province,바실란주,AS,PH
Benguet Province,벵게트 주,AS,PH
Biliran Province,빌리란 주,AS,PH
Bohol Province,보홀 주,AS,PH
Batangas Province,바탕가스 주,AS,PH
Batanes Province,바타네스주,AS,PH
Bukidnon Province,부키드논 주,AS,PH
Bulacan Province,불라칸 주,AS,PH
Cagayan Province,카가얀주,AS,PH
Camiguin Province,카미긴 주,AS,PH
Camarines Norte Province,카마리네스 노르테 주,AS,PH
Capiz Province,카피즈주,AS,PH
Camarines Sur Province,카마리네스수르주,AS,PH
Catanduanes Province,카탄두아네스 주,AS,PH
Cavite Province,카비테 주,AS,PH
Cebu Province,세부 주,AS,PH
Davao de Oro Province,다바오데오로주,AS,PH
Davao Oriental Province,다바오 오리엔탈 주,AS,PH
Davao del Sur Province,다바오델수르주,AS,PH
Davao del Norte Province,다바오델노르테주,AS,PH
Dinagat Islands Province,디나가트 제도 주,AS,PH
Davao Occidental Province,다바오 옥시덴탈 주,AS,PH
Eastern Samar Province,동부 사마르 주,AS,PH
Guimaras Province,기마라스주,AS,PH
Ifugao Province,이푸가오 주,AS,PH
Iloilo Province,일로일로 주,AS,PH
Ilocos Norte Province,일로코스 노르테 주,AS,PH
Ilocos Sur Province,일로코스수르주,AS,PH
Isabela Province,이사벨라주,AS,PH
Kalinga Province,칼링가 주,AS,PH
Laguna Province,라구나 주,AS,PH
Lanao del Norte Province,라나오델노르테주,AS,PH
Lanao del Sur Province,라나오델수르주,AS,PH
Leyte Province,레이테 주,AS,PH
La Union Province,라 유니언 주,AS,PH
Marinduque Province,마린두케 주,AS,PH
Maguindanao Province,마긴다나오 주,AS,PH
Masbate Province,마스바테 주,AS,PH
Occidental Mindoro Province,옥시덴탈 민도로 주,AS,PH
Oriental Mindoro Province,오리엔탈 민도로 주,AS,PH
Mountain Province,산악 지역,AS,PH
Misamis Occidental Province,미사미스 옥시덴탈 주,AS,PH
Misamis Oriental Province,미사미스오리엔탈주,AS,PH
Cotabato Province,코타바토 주,AS,PH
Negros Occidental Province,네그로스 옥시덴탈 주,AS,PH
Negros Oriental Province,네그로스오리엔탈주,AS,PH
Northern Samar Province,북부 사마르 주,AS,PH
Nueva Ecija Province,누에바에시하 주,AS,PH
Nueva Vizcaya Province,누에바비스카야주,AS,PH
Pampanga Province,팜팡가주,AS,PH
Pangasinan Province,팡가시난 주,AS,PH
Palawan Province,팔라완 주,AS,PH
Quezon Province,케손 주,AS,PH
Quirino Province,퀴리노 주,AS,PH
Rizal Province,리잘주,AS,PH
Romblon Province,롬블론 주,AS,PH
Sarangani Province,사랑가니 주,AS,PH
South Cotabato Province,남부 코타바토 주,AS,PH
Siquijor Province,시키호르주,AS,PH
Southern Leyte Province,남부 레이테 주,AS,PH
Sulu Province,술루 주,AS,PH
Sorsogon Province,소르소곤 주,AS,PH
Sultan Kudarat Province,술탄쿠다라트주,AS,PH
Surigao del Norte Province,수리가오델노르테주,AS,PH
Surigao del Sur Province,수리가오델수르주,AS,PH
Tarlac Province,딸락주,AS,PH
Tawi-Tawi Province,타위타위 주,AS,PH
Samar Province,사마르주,AS,PH
Zamboanga del Norte Province,삼보앙가델노르테주,AS,PH
Zamboanga del Sur Province,삼보앙가델수르주,AS,PH
Zambales Province,삼발레스주,AS,PH
Zamboanga Sibiguey Province,잠보앙가 시비게이 주,AS,PH
Gilgit-Baltistan,길기트발티스탄,AS,PK
Islamabad Capital Territory,이슬라마바드 수도 지역,AS,PK
Azad Jammu and Kashmir,아자드잠무카슈미르,AS,PK
Punjab,펀자브어,AS,PK
Miquelon-Langlade,미클롱-랑글라드,NA,PM
Saint-Pierre,생피에르,NA,PM
Guna Yala Indigenous Region,구나 얄라 원주민 지역,NA,PA
Aveiro District,아베이루 지구,EU,PT
Beja District,베자 지구,EU,PT
Braga District,브라가 지구,EU,PT
Castelo Branco District,카스텔로 브랑코 지구,EU,PT
Coimbra District,코임브라 지구,EU,PT
Faro District,파로 지구,EU,PT
Guarda District,과르다 지구,EU,PT
Leiria District,레이리아 지구,EU,PT
Portalegre District,포르탈레그레 지구,EU,PT
Viana do Castelo District,비아나 두 카스텔로 지구,EU,PT
Vila Real District,빌라 레알 지구,EU,PT
Viseu District,비제우 지구,EU,PT
Aimeliik,아이멜리크,OC,PW
Airai,아이라이,OC,PW
Angaur,앙가우르,OC,PW
Hatobohei,하토보헤이,OC,PW
Kayangel,카양겔,OC,PW
Koror,코로르,OC,PW
Melekeok,멜레케오크,OC,PW
Ngaraard,응가라드,OC,PW
Ngarchelong,응가첼롱,OC,PW
Ngardmau,응가르드마우,OC,PW
Ngatpang,응가팡,OC,PW
Ngchesar,응체사르,OC,PW
Ngeremlengui,응게렘렝기,OC,PW
Ngiwal,응기왈,OC,PW
Peleliu,펠렐리우,OC,PW
Sonsorol,손소롤,OC,PW
Central Department,중앙부,SA,PY
Amambay Department,아맘바이 주,SA,PY
Presidente Hayes Department,프레지던트 헤이즈 부서,SA,PY
Alto Paraguay Department,알토 파라과이 부서,SA,PY
San Pedro Department,산페드로 주,SA,PY
Cordillera Department,코르디예라 주,SA,PY
Misiones Department,미시오네스 부서,SA,PY
Ad-Dawhah Municipality,앗다와 지방자치단체,AS,QA
Al Jumayliyah Municipality,알 주마일리야 지방자치단체,AS,QA
Al Shamal Municipality,알 샤말 지방자치단체,AS,QA
Al Rayyan Municipality,알 라이얀 지방자치단체,AS,QA
Al-Shahaniya Municipality,알샤하니야 지방자치단체,AS,QA
Umm Salal Municipality,음 살랄 지방자치단체,AS,QA
Al Wakrah Municipality,알와크라 지방자치단체,AS,QA
Al Daayen Municipality,알다옌 지방자치단체,AS,QA
Saint-Denis Arrondissement,생드니 구,AF,RE
Saint-Paul Arrondissement,생폴 구,AF,RE
Saint-Pierre Arrondissement,생피에르 구,AF,RE
Bucharest (municipality),부쿠레슈티(지방자치단체),EU,RO
Beograd (city),베오그라드(도시),EU,RS
Central Banat District,중앙 바나트 지구,EU,RS
North Banat District,노스 바나트 지구,EU,RS
South Banat District,사우스 바나트 지구,EU,RS
Srem District,스렘 지구,EU,RS
Kolubara District,콜루바라 지구,EU,RS
Podunavlje District,포두나블예 지구,EU,RS
Pomoravlje District,포모라블예 지구,EU,RS
Bor District,보르 지구,EU,RS
Zlatibor District,즐라티보르 지구,EU,RS
Moravica District,모라비카 지구,EU,RS
Rasina District,라시나 지구,EU,RS
Toplica District,토플리카 지구,EU,RS
Pirot District,피로 지구,EU,RS
Jablanica District,야블라니차 지구,EU,RS
Altai Krai,알타이 크라이,EU,RU
Amur Oblast,아무르주,EU,RU
Arkhangelsk Oblast,아르한겔스크 오블래스트,EU,RU
Astrakhan Oblast,아스트라한주,EU,RU
Republic of Bashkortostan,바쉬코르토스탄 공화국,EU,RU
Belgorod Oblast,벨고로드 아블라스트,EU,RU
Bryansk Oblast,브랸스크 오블래스트,EU,RU
Republic of Buryat,부리야트 공화국,EU,RU
Chelyabinsk Oblast,첼랴빈스크 아블라스트,EU,RU
Zabaykalsky Krai,자바이칼스키 크라이,EU,RU
Chukotka Autonomous Okrug,추코트카 자치 오크루그,EU,RU
Chuvash Republic,추바시 공화국,EU,RU
Republic of Dagestan,다게스탄 공화국,EU,RU
Republic of Ingushetia,잉구세티아 공화국,EU,RU
Irkutsk Oblast,이르쿠츠크주,EU,RU
Ivanovo Oblast,이바노보 오블래스트,EU,RU
Kamchatka Krai,캄차카 크라이,EU,RU
Kabardino-Balkar Republic,카바르디노발카르공화국,EU,RU
Karachay-Cherkess Republic,카라차이-체르케스 공화국,EU,RU
Krasnodar Krai,크라스노다르 크라이,EU,RU
Kemerovo Oblast,케메로보 오블래스트,EU,RU
Kaliningrad Oblast,칼리닌그라드주,EU,RU
Kurgan Oblast,쿠르간주,EU,RU
Khabarovsk Krai,하바롭스크 지방,EU,RU
Khanty-Mansi Autonomous Okrug,한티만시 자치 오크루그,EU,RU
Kirov Oblast,키로프 오블라스트,EU,RU
Republic of Khakassia,하카시아 공화국,EU,RU
Republic of Kalmykia,칼미키아 공화국,EU,RU
Kaluga Oblast,칼루가 오블래스트,EU,RU
Komi Republic,코미공화국,EU,RU
Kostroma Oblast,코스트로마주,EU,RU
Republic of Karelia,카렐리야 공화국,EU,RU
Kursk Oblast,쿠르스크주,EU,RU
Krasnoyarsk Krai,크라스노야르스크 크라이,EU,RU
Leningrad Oblast,레닌그라드주,EU,RU
Lipetsk Oblast,리페츠크 아블라스트,EU,RU
Magadan Oblast,마가단주,EU,RU
Mari El Republic,마리 엘 공화국,EU,RU
Republic of Mordovia,모르도비아 공화국,EU,RU
Moscow Oblast,모스크바주,EU,RU
Moscow (city),모스크바(도시),EU,RU
Murmansk Oblast,무르만스크 아블라스트,EU,RU
Nenets Autonomous Okrug,네네츠 자치 오크루그,EU,RU
Novgorod Oblast,노브고로드 아블라스트,EU,RU
Nizhny Novgorod Oblast,니즈니노브고로드 오블래스트,EU,RU
Novosibirsk Oblast,노보시비르스크 아블라스트,EU,RU
Omsk Oblast,옴스크 아블라스트,EU,RU
Orenburg Oblast,오렌부르크주,EU,RU
Oryol Oblast,오룔 오블래스트,EU,RU
Perm Krai,페름 크라이,EU,RU
Penza Oblast,펜자 오블래스트,EU,RU
Primorsky Krai,프리모르스키 지방,EU,RU
Pskov Oblast,프스코프 주,EU,RU
Rostov Oblast,로스토프 오블라스트,EU,RU
Ryazan Oblast,랴잔 오블래스트,EU,RU
Sakha (Yakutia) Republic,사하(야쿠티아) 공화국,EU,RU
Sakhalin Oblast,사할린주,EU,RU
Samara Oblast,사마라 오블래스트,EU,RU
Saratov Oblast,사라토프 오블라스트,EU,RU
Smolensk Oblast,스몰렌스크 오블래스트,EU,RU
Saint Petersburg (city),상트페테르부르크(도시),EU,RU
Stavropol Krai,스타브로폴 크라이,EU,RU
Sverdlovsk Oblast,스베르들롭스크 아블라스트,EU,RU
Republic of Tatarstan,타타르스탄 공화국,EU,RU
Tambov Oblast,탐보프 오블라스트,EU,RU
Tomsk Oblast,톰스크 아블라스트,EU,RU
Tula Oblast,툴라 오블래스트,EU,RU
Tver Oblast,트베리주,EU,RU
Tyumen Oblast,튜멘 오블래스트,EU,RU
Udmurt Republic,우드무르트 공화국,EU,RU
Ulyanovsk Oblast,울리야놉스크 오블래스트,EU,RU
Ust-Orda Buryat Autonomous Okrug,Ust-Orda Buryat 자치 Okrug,EU,RU
Volgograd Oblast,볼고그라드 아블라스트,EU,RU
Vladimir Oblast,블라디미르 주,EU,RU
Vologda Oblast,볼로그다 오블래스트,EU,RU
Voronezh Oblast,보로네시 아블라스트,EU,RU
Yamalo-Nenets Autonomous Okrug,야말로-네네츠 자치 오크루그,EU,RU
Yaroslavl Oblast,야로슬라블 오블래스트,EU,RU
Jewish Autonomous Oblast,유대인 자치주,EU,RU
Makkah Region,메카 지역,AS,SA
Al Madinah Region,알 메디나 지역,AS,SA
Ash Sharqiyah Region,애쉬 샤르키야 지역,AS,SA
Al Qasim Region,알카심 지역,AS,SA
Ha'il Region,하일 지역,AS,SA
Tabuk Region,타북 지역,AS,SA
Jlzan Region,Jlzan 지역,AS,SA
Najran Region,나즈란 지역,AS,SA
Al Batah Region,알 바타 지역,AS,SA
Al Jawf Region,알 자와프 지역,AS,SA
Asir Region,아시르 지역,AS,SA
Central Province,중부 지방,OC,SB
Choiseul Province,최이슬주,OC,SB
Capital Territory (Honiara),수도 준주(호니아라),OC,SB
Guadalcanal Province,과달카날 주,OC,SB
Isabel Province,이사벨 주,OC,SB
Makira-Ulawa Province,마키라울라와 주,OC,SB
Malaita Province,말라이타 주,OC,SB
Rennell and Bellona Province,레넬벨로나주,OC,SB
Temotu Province,테모투주,OC,SB
Western Province,서부 지방,OC,SB
Anse aux Pins,Anse 보조 핀,AF,SC
Anse Boileau,앙스 보일로,AF,SC
Anse Louis,안세 루이스,AF,SC
Anse Royale,앙스 로얄,AF,SC
Baie Lazare,바이 라자르,AF,SC
Baie Sainte Anne,바이 생트 안느,AF,SC
Beau Vallon,보 발롱,AF,SC
Bel Air,벨에어,AF,SC
Bel Ombre,벨 옴브레,AF,SC
Cascade,종속,AF,SC
Glacis,글라시스,AF,SC
Grand' Anse (Praslin),그랑 앙스 (프라슬린),AF,SC
La Digue,라디게,AF,SC
Mont Buxton,몽 벅스턴,AF,SC
Mont Fleuri,몽 플뢰리,AF,SC
Plaisance,플레종스,AF,SC
Pointe La Rue,푸앵트 라 루,AF,SC
Port Glaud,포트 글라우드,AF,SC
Saint Louis,세인트 루이스,AF,SC
Takamaka,타카마카,AF,SC
Northern State,북부 주,AF,SD
North Darfur State,북다르푸르주,AF,SD
Khartoum State,하르툼 주,AF,SD
River Nile State,나일강 주,AF,SD
Kassala State,카살라 주,AF,SD
Al Qadarif State,알카다리프주,AF,SD
Gezira State,게지라주,AF,SD
White Nile State,화이트나일 주,AF,SD
North Kurdufan State,북쿠르두판주,AF,SD
West Kurdufan State,서부쿠르두판주,AF,SD
South Darfur State,사우스 다르푸르 주,AF,SD
West Darfur State,서부 다르푸르 주,AF,SD
South Kurdufan State,남부 쿠르두판 주,AF,SD
Blue Nile State,블루나일 주,AF,SD
Sennar State,센나르주,AF,SD
Red Sea State,홍해 주,AF,SD
Central Singapore,싱가포르 중부,AS,SG
North East,북동쪽,AS,SG
North West,북서,AS,SG
South East,남동쪽,AS,SG
South West,남서부,AS,SG
Ascension,승천,AF,SH
Saint Helena,세인트 헬레나,AF,SH
Tristan da Cunha,트리스탄 다 쿠냐,AF,SH
Beltinci Municipality,벨틴치 지방자치단체,EU,SI
Bled Municipality,블레드 지방자치단체,EU,SI
Bohinj Municipality,보히니 지방자치단체,EU,SI
Borovnica Municipality,보로브니차 지방자치단체,EU,SI
Bovec Municipality,보베츠 지방자치단체,EU,SI
Brda,브르다,EU,SI
Brezovica Municipality,브레조비차 지방자치단체,EU,SI
Tisina,티시나,EU,SI
Celje Urban Municipality,Celje 도시 자치단체,EU,SI
Cerklje na Gorenjskem Municipality,Cerklje na Gorenjskem 지방자치단체,EU,SI
Cerknica Municipality,체르크니차 지방자치단체,EU,SI
Cerkno,체르크노,EU,SI
Crensovci,크렌소프치,EU,SI
Crna na Koroskem,츠르나 나 코로스켐,EU,SI
Crnomelj,크로노멜리,EU,SI
Destrnik,데스트니크,EU,SI
Dobrepolje,도브레폴예,EU,SI
Dobrova-Polhov Gradec,도브로바-폴호프 그라데츠,EU,SI
Dol pri Ljubljani Municipality,돌 프리 류블랴니 지방자치단체,EU,SI
Domzale,돔잘레,EU,SI
Dornava,도르나바,EU,SI
Dravograd Municipality,드라보그라드 지방자치단체,EU,SI
Duplek,듀플렉,EU,SI
Gorenja vas-Poljane,고렌자 바스-폴랴네,EU,SI
Gornja Radgona,고르냐 라드고나,EU,SI
Gornji Grad,고르니 그라드,EU,SI
Gornji Petrovci,고르니 페트로프치,EU,SI
Grosuplje,그로수플예,EU,SI
Salovci,살로브치,EU,SI
Hrastnik,흐라스트니크,EU,SI
Hrpelje-Kozina,흐르펠리에-코지나,EU,SI
Idrija,이드리야,EU,SI
Ig,이그,EU,SI
IIrska Bistrica,일르스카 비스트리카,EU,SI
Izola Municipality,이졸라 지방자치단체,EU,SI
Jesenice,예세니체,EU,SI
Jursinci,주르신치,EU,SI
Kamnik Municipality,캄니크 지방자치단체,EU,SI
Kanal,운하,EU,SI
Kidricevo,키드리체보,EU,SI
Kobarid,코바리드,EU,SI
Kobilje,코빌예,EU,SI
Komen,코멘,EU,SI
Koper Urban Municipality,코페르 도시 지방자치단체,EU,SI
Kozje,코제,EU,SI
Kranj,크란,EU,SI
Kranjska Gora,크란스카 고라,EU,SI
Krsko,크르스코,EU,SI
Kungota,쿵고타,EU,SI
Kuzma,쿠즈마,EU,SI
Lasko,라스코,EU,SI
Lenart Municipality,레나르트 지방자치단체,EU,SI
Lendava Municipality,렌다바 지방자치단체,EU,SI
Litija Municipality,리티야 지방자치단체,EU,SI
Ljubljana Urban Municipality,류블랴나 도시 자치단체,EU,SI
Ljubno,류브노,EU,SI
Ljutomer,류토머,EU,SI
Logatec,로가텍,EU,SI
Loska dolina,로스카 돌리나,EU,SI
Loski Potok,로스키 포토크,EU,SI
Luce,창꼬치,EU,SI
Lukovica,루코비카,EU,SI
Majsperk,마이스페르크,EU,SI
Maribor Urban Municipality,마리보르 도시 자치단체,EU,SI
Medvode,메드보드,EU,SI
Menges,멘게스,EU,SI
Metlika Municipality,메틀리카 지방자치단체,EU,SI
Mezica,메지카,EU,SI
Miren-Kostanjevica,미렌-코스탄예비차,EU,SI
Mislinja,미슬린야,EU,SI
Moravce,모라브체,EU,SI
Moravske Toplice Municipality,모라브스케 토플리체 지방자치단체,EU,SI
Mozirje,모지리에,EU,SI
Murska Sobota Urban Municipality,무르스카 소보타 도시 자치단체,EU,SI
Muta,무타,EU,SI
Naklo,나클로,EU,SI
Nazarje,나자르예,EU,SI
Nova Gorica,노바 고리차,EU,SI
Novo Mesto Urban Municipality,노보메스토 도시 자치단체,EU,SI
Odranci,오드란시,EU,SI
Osilnica,오실니카,EU,SI
Pesnica,페스니카,EU,SI
Piran Municipality,피란 지방자치단체,EU,SI
Pivka,피브카,EU,SI
Podvelka,포드벨카,EU,SI
Postojna Municipality,포스토이나 지방자치단체,EU,SI
Preddvor,프레드보르,EU,SI
Ptuj,프투이,EU,SI
Puconci,푸콘치,EU,SI
Radenci Municipality,라덴치 지방자치단체,EU,SI
Radlje ob Dravi,라들리에 옵 드라비,EU,SI
Radovljica Municipality,라도블리차 지방자치단체,EU,SI
Ribnica Municipality,리브니차 지방자치단체,EU,SI
Rogatec,로가텍,EU,SI
Sevnica,세브니차,EU,SI
Slovenj Gradec Urban Municipality,슬로베니 그라데츠 도시 자치단체,EU,SI
Slovenska Bistrica,슬로벤스카 비스트리차,EU,SI
Slovenske Konjice Municipality,슬로벤스케 콘지체 지방자치단체,EU,SI
Sveti Jurij,스베티 주리지,EU,SI
Sencur,센쿠르,EU,SI
Sentilj,센틸리,EU,SI
Sentjernej,센체르네이,EU,SI
Sentjur pri Celju,센츄르 프리 셀주,EU,SI
Skocjan,스코치안,EU,SI
Skofja Loka,스코퍄 로카,EU,SI
Skoftjica,스코프트지차,EU,SI
Smarje pri Jelsah,스마예 프리 젤사,EU,SI
Smartno ob Paki,스마트노 옵 파키,EU,SI
Store,가게,EU,SI
Tolmin,톨민,EU,SI
Trbovje,트르보브예,EU,SI
Trebnje Municipality,트레브니에 지방자치단체,EU,SI
Trzic,트르지치,EU,SI
Turnisce,터니스,EU,SI
Velenje,벨렌제,EU,SI
Velika Lasce,벨리카 라세,EU,SI
Videm,비뎀,EU,SI
Vipava,비파바,EU,SI
Vitanje,비탄제,EU,SI
Vojnik,보이니크,EU,SI
Vojnik,보이니크,EU,SI
Vrhnika,브리니카,EU,SI
Vuzenica,부제니카,EU,SI
Zagorje ob Savi Municipality,자고르예 옵 사비 지방자치단체,EU,SI
Zavrc,자브르크,EU,SI
Zrece,즈레체,EU,SI
Zelezniki,젤레즈니키,EU,SI
Ziri,지리,EU,SI
Benedikt Municipality,베네딕트 지방자치단체,EU,SI
Bistrica ob Sotli Municipality,비스트리카 옵 소틀리 지방자치단체,EU,SI
Bloke Municipality,블록 지방자치단체,EU,SI
Braslovce Municipality,브라슬로프체 지방자치단체,EU,SI
Cankova,칸코바,EU,SI
Cerkvenjak Municipality,체르크벤야크 지방자치단체,EU,SI
Dobje,도브제,EU,SI
Dobrna,도브르나,EU,SI
Dobrovnik,도브로브니크,EU,SI
Dolenjske Toplice,돌렌스케 토플리체,EU,SI
Grad,그라드,EU,SI
Hajdina,하지나,EU,SI
Hodos,호도스,EU,SI
Jorjul,조르줄,EU,SI
Jezersko,예제르스코,EU,SI
Komenda,코멘다,EU,SI
Kostel,코스텔,EU,SI
Krizevci,크리제브치,EU,SI
Lovrenc na Pohorju,로브렌츠 나 포호르주,EU,SI
Markovci,마르코프치,EU,SI
Miklavz na Dravskern polju,Miklavz na Dravskern polju,EU,SI
Mirna Pec,미르나 펙,EU,SI
Oplotnica,오플로트니차,EU,SI
Podlehnik,포들레닉,EU,SI
Polzela,폴젤라,EU,SI
Prebold Municipality,프리볼드 지방자치단체,EU,SI
Prevalje,프레발예,EU,SI
Ribnica na Pohorju,리브니카 나 포호르주,EU,SI
Selnica ob Dravi,셀니카 옵 드라비,EU,SI
Sveta Ana,스베타 아나,EU,SI
Sveti Andraz v Slovenskih goricah,스베티 안드라즈 v 슬로벤스키 고리카,EU,SI
Sempeter-Vrtojba,젬피터-브르토이바,EU,SI
Tabor,소구,EU,SI
Trnovska vas,트르노프스카 바스,EU,SI
Trzin,트진,EU,SI
Velika Polana,벨리카 폴라나,EU,SI
Vransko Municipality,브란스코 지방자치단체,EU,SI
Zalec,잘렉,EU,SI
Zetale,제탈레,EU,SI
Zirovnica,지르로브니차,EU,SI
Zuzemberk,주젬베르크,EU,SI
Smartno pri Litiji,스마트노 프리 리티지,EU,SI
Ankaran Municipality,안카란 지방자치단체,EU,SI
Eastern Province,동부 지방,AF,SL
Northern Province,북부 지방,AF,SL
Southern Province,남부 지방,AF,SL
Acquaviva,아쿠아비바,EU,SM
Chiesanuova,키에사누오바,EU,SM
Domagnano,도마냐노,EU,SM
Faetano,파에타노,EU,SM
Fiorentino,피오렌티노,EU,SM
Borgo Maggiore,보르고 마조레,EU,SM
San Marino,산 마리노,EU,SM
Montegiardino,몬테지아르디노,EU,SM
Serravalle,세라발레,EU,SM
Diourbel Region,디오르벨 지역,AF,SN
Dakar Region,다카르 지역,AF,SN
Fatick Region,Fatick 지역,AF,SN
Kolda Region,콜다 지역,AF,SN
Kaolack Region,카오락 지역,AF,SN
Louga Region,루가 지역,AF,SN
Matam Region,마탐 지역,AF,SN
Saint-Louis Region,생루이 지역,AF,SN
Tambacounda Region,탐바콘다 지역,AF,SN
Bakool,바쿨,AF,SO
Galguduud,갈구두드,AF,SO
Gedo,게도,AF,SO
Hiran,히란,AF,SO
Mudug,무두그,AF,SO
Nugal,누갈,AF,SO
Middle Shabelle,중간 샤벨,AF,SO
Lower Shabelle,로어 샤벨,AF,SO
Sool,솔,AF,SO
Togdheer,토그디어,AF,SO
Brokopondo,브로코폰도,SA,SR
Commewijne,코메베인,SA,SR
Coronie,코로니,SA,SR
Marowijne,마로윈,SA,SR
Nickerie,니케리,SA,SR
Paramaribo,파라마리보,SA,SR
Para,파라,SA,SR
Saramacca,사라마카,SA,SR
Sipaliwini,시팔리위니,SA,SR
Wanica,와니카,SA,SR
Western Bahr el Ghazal State,서부바르엘가잘주,AF,SS
Northern Bahr el Ghazal State,북부바르엘가잘주,AF,SS
Western Equatoria State,서부 적도 주,AF,SS
Central Equatoria State,중앙 적도 주,AF,SS
Lakes State,레이크스 주,AF,SS
Eastern Equatoria State,동부 적도 주,AF,SS
Jonglei State,종레이 주,AF,SS
Warrap State,워랩 주,AF,SS
Unity State,유니티 상태,AF,SS
Upper Nile State,어퍼 나일 주,AF,SS
Cantagalo District,칸타갈로 지구,AF,ST
Lobata District,로바타 지구,AF,ST
Autonomous Region of Principe,프린시페 자치 지역,AF,ST
Chalatenango Department,찰라테낭고 주,NA,SV
La Libertad Department,라리베르타드 주,NA,SV
La Paz Department,라파스 주,NA,SV
Santa Ana Department,산타아나 주,NA,SV
San Miguel Department,산미구엘 주,NA,SV
Sonsonate Department,손소나테 부서,NA,SV
San Salvador Department,산살바도르주,NA,SV
San Vicente Department,산 비센테 주,NA,SV
Damascus Governorate,다마스쿠스 주,AS,SY
Al-Hasakah Governorate,알 하사카 주,AS,SY
Idlib Governorate,이들리브주,AS,SY
Ar-Raqqah Governorate,아르라카 주,AS,SY
Rif Dimashq Governorate,리프 디마쉬크 주,AS,SY
As-Suwayda Governorate,아스수와이다 주,AS,SY
Hhohho Region,호호 지역,AF,SZ
Lubombo Region,루봄보 지역,AF,SZ
Manzini Region,만지니 지역,AF,SZ
Shiselweni Region,시셀웨니 지역,AF,SZ
Ambergris Cays,앰버그리스 케이,NA,TC
Dellis Cay,델리스 케이,NA,TC
East Caicos,이스트 케이커스,NA,TC
French Cay,프렌치 케이,NA,TC
Grand Turk,그랜드 터크,NA,TC
Little Water Cay,리틀 워터 케이,NA,TC
Middle Caicos,미들 카이코스,NA,TC
North Caicos,노스케이커스,NA,TC
Pine Cay,파인 케이,NA,TC
Providenciales,프로비덴시알레스,NA,TC
Parrot Cay,앵무새 케이,NA,TC
South Caicos,사우스케이커스,NA,TC
Salt Cay,솔트케이,NA,TC
West Caicos,웨스트케이커스,NA,TC
Batha,바타,AF,TD
Chari-Baguirmi,샤리바기르미,AF,TD
Kanem,카넴,AF,TD
Lac,라크,AF,TD
Logone-Occidental,Logone-옥시덴탈,AF,TD
Logone-Oriental,Logone-오리엔탈,AF,TD
Salamat,살라마트,AF,TD
Kara Region,카라 지역,AF,TG
Maritime Region,해양 지역,AF,TG
Plateaux Region,고원 지역,AF,TG
Bangkok (special administrative area),방콕(특별행정구역),AS,TH
Samut Prakan Province,사뭇프라칸주,AS,TH
Nonthaburi Province,논타부리 주,AS,TH
Pathum Thani Province,빠툼타니 주,AS,TH
Phra Nakhon Si Ayutthaya Province,프라나콘시 아유타야 주,AS,TH
Ang Thong Province,앙통주,AS,TH
Sing Buri Province,싱부리 주,AS,TH
Chai Nat Province,차이낫 주,AS,TH
Saraburi Province,사라부리주,AS,TH
Chonburi Province,촌부리 주,AS,TH
Rayong Province,라용주,AS,TH
Chanthaburi Province,찬타부리 주,AS,TH
Trat Province,트랏 주,AS,TH
Chachoengsao Province,차층사오주,AS,TH
Prachin Buri Province,프라친부리 주,AS,TH
Nakhon Nayok Province,나콘나욕주,AS,TH
Sa Kaeo Province,사깨오주,AS,TH
Nakhon Ratchasima Province,나콘라차시마주,AS,TH
Surin Province,수린 주,AS,TH
Si Sa Ket Province,시사켓 주,AS,TH
Ubon Ratchathani Province,우본랏차타니 주,AS,TH
Yasothon Province,야소톤 주,AS,TH
Chaiyaphum Province,차이야품 주,AS,TH
Amnat Charoen Province,암낫짜른주,AS,TH
Nong Bua Lam Phu Province,농부아람푸성,AS,TH
Khon Kaen Province,콘캔 주,AS,TH
Udon Thani Province,우돈타니 주,AS,TH
Loei Province,로에이 주,AS,TH
Nong Khai Province,농카이 주,AS,TH
Maha Sarakham Province,마하사라캄주,AS,TH
Roi Et Province,로이엣주,AS,TH
Kalasin Province,칼라신 주,AS,TH
Sakon Nakhon Province,사콘나콘주,AS,TH
Nakhon Phanom Province,나콘파놈 주,AS,TH
Mukdahan Province,묵다한 주,AS,TH
Chiang Mai Province,치앙마이 주,AS,TH
Lamphun Province,람푼주,AS,TH
Lampang Province,람팡주,AS,TH
Uttaradit Province,우따라딧 주,AS,TH
Phrae Province,프래 주,AS,TH
Nan Province,난 주,AS,TH
Phayao Province,파야오주,AS,TH
Chiang Rai Province,치앙라이 주,AS,TH
Mae Hong Son Province,매홍손 주,AS,TH
Nakhon Sawan Province,나콘사완 주,AS,TH
Uthai Thani Province,우타이타니 주,AS,TH
Kamphaeng Phet Province,캄팽펫주,AS,TH
Tak Province,딱 주,AS,TH
Sukhothai Province,수코타이 주,AS,TH
Phitsanulok Province,핏사눌록주,AS,TH
Phichit Province,피칫주,AS,TH
Phetchabun Province,펫차분 주,AS,TH
Ratchaburi Province,랏차부리 주,AS,TH
Kanchanaburi Province,칸차나부리 주,AS,TH
Suphan Buri Province,수판부리주,AS,TH
Nakhon Pathom Province,나콘빠톰 주,AS,TH
Samut Sakhon Province,사뭇사콘주,AS,TH
Samut Songkhram Province,사뭇송크람주,AS,TH
Phetchaburi Province,펫차부리 주,AS,TH
Prachuap Khiri Khan Province,프라추압키리칸 주,AS,TH
Nakhon Si Thammarat Province,나콘시탐마랏 주,AS,TH
Krabi Province,크라비 주,AS,TH
Phang Nga Province,팡아 주,AS,TH
Phuket Province,푸켓 주,AS,TH
Surat Thani Province,수랏타니 주,AS,TH
Ranong Province,라농주,AS,TH
Chumphon Province,춤폰 주,AS,TH
Songkhla Province,송클라주,AS,TH
Satun Province,사뚠주,AS,TH
Trang Province,뜨랑주,AS,TH
Pattani Province,파타니주,AS,TH
Yala Province,얄라주,AS,TH
Narathiwat Province,나라티왓 주,AS,TH
Dushanbe,두샨베,AS,TJ
Gorno-Badakhshan Autonomous Region,고르노바다흐샨 자치구,AS,TJ
Aileu,에일루,AS,TL
Ainaro,아이나로,AS,TL
Baucau,바우카우,AS,TL
Bobonaro,보보나로,AS,TL
Cova Lima,코바 리마,AS,TL
Dili,딜리,AS,TL
Ermera,에르메라,AS,TL
Liquica,리퀴카,AS,TL
Manafahi,마나파히,AS,TL
Manatuto,마나투토,AS,TL
Oecussi,오에쿠시,AS,TL
Viqueque,비케케,AS,TL
Ahal Region,아할 지역,AS,TM
Balkan Region,발칸 지역,AS,TM
Lebap Region,르밥 지역,AS,TM
Mary Region,메리 지역,AS,TM
Tunis Governorate,튀니스 주,AF,TN
Ariana Governorate,아리아나주,AF,TN
Ben Arous Governorate,벤아루스주,AF,TN
Manouba Governorate,마누바 주,AF,TN
Nabeul Governorate,나불주,AF,TN
Zaghouan Governorate,자후안주,AF,TN
Bizerte Governorate,비제르테주,AF,TN
Jendouba Governorate,젠두바 주,AF,TN
Kef Governorate,케프 주,AF,TN
Siliana Governorate,실리아나 주,AF,TN
Kairouan Governorate,카이로우안 주,AF,TN
Kasserine Governorate,카세린주,AF,TN
Sidi Bou Zid Governorate,시디부지드주,AF,TN
Sousse Governorate,수스 주,AF,TN
Monastir Governorate,모나스티르 주,AF,TN
Mahdia Governorate,마디아 주,AF,TN
Sfax Governorate,스팍스 ??주,AF,TN
Gafsa Governorate,가프사 주,AF,TN
Tozeur Governorate,토주르주,AF,TN
Kebili Governorate,케빌리 주,AF,TN
Medenine Governorate,메데닌주,AF,TN
Tataouine Governorate,타타윈주,AF,TN
Eua,우아,OC,TO
Ha'apai,하파이,OC,TO
Niua Islands,니우아 제도,OC,TO
Tongatapu,통가타푸,OC,TO
Vava'u,바바우,OC,TO
Adana Province,아다나 주,AS,TR
Ad岩yaman Province,아드야마만 주,AS,TR
Afyonkarahisar Province,아피온카라히사르 주,AS,TR
Amasya Province,아마시아주,AS,TR
Ankara Province,앙카라 주,AS,TR
Antalya Province,안탈리아 주,AS,TR
Artvin Province,아르빈 주,AS,TR
Aydin Province,아이딘 주,AS,TR
Bal岩kesir Province,발카케시르 주,AS,TR
Bilecik Province,빌레시크 주,AS,TR
Bitlis Province,비트리스 주,AS,TR
Bolu Province,볼루 주,AS,TR
Burdur Province,부르두르주,AS,TR
Bursa Province,부르사 주,AS,TR
Denizli Province,데니즐리 주,AS,TR
Diyarbak岩r Province,디야르바크르 주,AS,TR
Edirne Province,에디르네 주,AS,TR
Erzincan Province,에르진잔 주,AS,TR
Erzurum Province,에르주룸 주,AS,TR
Gaziantep Province,가지안테프 주,AS,TR
Giresun Province,기레순 주,AS,TR
Hatay Province,하타이 주,AS,TR
Isparta Province,이스파르타 주,AS,TR
Icel Province,이셀 주,AS,TR
Kars Province,카르스주,AS,TR
Kastamonu Province,카스타모누 주,AS,TR
Kayseri Province,카이세리 주,AS,TR
Kirklareli Province,키르클라렐리 주,AS,TR
Kocaeli Province,코자엘리주,AS,TR
Konya Province,코냐주,AS,TR
Malatya Province,말라티아 주,AS,TR
Manisa Province,마니사 주,AS,TR
Mardin Province,마르딘 주,AS,TR
Ordu Province,오르두주,AS,TR
Rize Province,리제 주,AS,TR
Sakarya Province,사카리아 주,AS,TR
Samsun Province,삼순 주,AS,TR
Siirt Province,시르트 주,AS,TR
Sinop Province,시놉 주,AS,TR
Sivas Province,시바스 주,AS,TR
Tokat Province,토카트주,AS,TR
Trabzon Province,트라브존 주,AS,TR
Tunceli Province,툰셀리 주,AS,TR
Van Province,반주,AS,TR
Yozgat Province,요즈가트 주,AS,TR
Zonguldak Province,종굴다크 주,AS,TR
Aksaray Province,악사라이 주,AS,TR
Bayburt Province,바이부르트 주,AS,TR
Karaman Province,카라만주,AS,TR
Kirikkale Province,키리칼레 주,AS,TR
Batman Province,배트맨 주,AS,TR
Bartin Province,바르틴 주,AS,TR
Ardahan Province,아르다한주,AS,TR
Yalova Province,얄로바주,AS,TR
Kilis Province,킬리스 주,AS,TR
Osmaniye Province,오스마니예 주,AS,TR
Arima,아리마,NA,TT
Chaguanas,차과나스,NA,TT
Couva-Tabaquite-Talparo,쿠바-타바키테-탈파로,NA,TT
Diego Martin,디에고 마틴,NA,TT
Penal-Debe,페널데베,NA,TT
Port of Spain,포트 오브 스페인,NA,TT
Princes Town,프린스 타운,NA,TT
Point Fortin,포인트 포르틴,NA,TT
Rio Claro-Mayaro,리오 클라로-마야로,NA,TT
San Fernando,산페르난도,NA,TT
Sangre Grande,상그레 그란데,NA,TT
Siparia,시파리아,NA,TT
San Juan-Laventille,산 후안-라벤틸,NA,TT
Tobago,토바고,NA,TT
Tunapuna-Piarco,투나푸나-피아르코,NA,TT
Funafuti,푸나푸티,OC,TV
Niutao,니우타오,OC,TV
Nui,누이,OC,TV
Nukufetau,누쿠페타우,OC,TV
Nukulaelae,누쿠라엘래,OC,TV
Nanumea,나누메아,OC,TV
Nanumanga,나누망가,OC,TV
Vaitupu,바이투푸,OC,TV
Changhua County,장화 현,AS,TW
Chiayi (city),자이(도시),AS,TW
Chiayi County,자이현,AS,TW
Hsinchu County,신주 현,AS,TW
Hsinchu (city),신주(시),AS,TW
Hualien County,화롄현,AS,TW
Ilan County,일란 카운티,AS,TW
Keelung (city),지룽(도시),AS,TW
Kaohsiung (municipality),가오슝(지방자치단체),AS,TW
Kaohsiung County,가오슝 현,AS,TW
Miaoli County,먀오리 현,AS,TW
Nantou County,난터우현,AS,TW
Pingtung County,핑둥현,AS,TW
Taoyuan County,타오위안 현,AS,TW
Tainan City,타이난시,AS,TW
Tainan County,타이난 현,AS,TW
Taipei (municipality),타이페이(지방자치단체),AS,TW
Taipei County,타이페이 현,AS,TW
Taitung County,타이둥현,AS,TW
Taichung (city),타이중(도시),AS,TW
Taichung County,타이중 현,AS,TW
Kinmen County,진먼현,AS,TW
Yunlin County,윈린현,AS,TW
Arusha Region,아루샤 지역,AF,TZ
Dar-es-Salaam Region,다르에스살람 지역,AF,TZ
Dodoma Region,도도마 지역,AF,TZ
Iringa Region,이링가 지역,AF,TZ
Kagera Region,카게라 지방,AF,TZ
Kaskazini Pemba Region,카스카지니 펨바 지역,AF,TZ
Kaskazini Unguja Region,카스카지니 운구자 지역,AF,TZ
Xigoma Region,시고마 지역,AF,TZ
Kilimanjaro Region,킬리만자로 지역,AF,TZ
Rusini Pemba Region,루시니 펨바 지역,AF,TZ
Kusini Unguja Region,쿠시니 운구자 지역,AF,TZ
Lindi Region,린디 지역,AF,TZ
Mara Region,마라 지역,AF,TZ
Mbeya Region,음베야 지역,AF,TZ
Mjini Magharibi Region,음지니 마가리비 지역,AF,TZ
Morogoro Region,모로고로 지역,AF,TZ
Mtwara Region,무트와라 지역,AF,TZ
Mwanza Region,므완자 지역,AF,TZ
Pwani Region,프와니 지역,AF,TZ
Rukwa Region,루콰 지역,AF,TZ
Ruvuma Region,루부마 지역,AF,TZ
Shinyanga Region,신양가 지역,AF,TZ
Singida Region,싱기다 지역,AF,TZ
Tabora Region,타보라 지역,AF,TZ
Tanga Region,단가 지역,AF,TZ
Manyara Region,만야라 지역,AF,TZ
Volyn Oblast,볼린 오블래스트,EU,UA
Luhansk Oblast,루한스크 아블라스트,EU,UA
Dnipropetrovsk (Sicheslav) Oblast,드니프로페트로프스크(시체슬라프) 주,EU,UA
Donetsk Oblast,도네츠크 아블라스트,EU,UA
Zhytomyr Oblast,지토미르 오블래스트,EU,UA
Rivne Oblast,리브네 오블래스트,EU,UA
Zakarpattia Oblast,자카르파티아 오블래스트,EU,UA
Zaporizhia Oblast,자포리지아 오블래스트,EU,UA
Ivano-Frankivsk Oblast,Ivano-Frankivsk Oblast,EU,UA
Kirovohrad Oblast,키로보흐라드 오블래스트,EU,UA
Sevastopol (city),세바스토폴(도시),EU,UA
Lviv Oblast,리비프 오블라스트,EU,UA
Mykolaiv Oblast,미콜라이프 오블래스트,EU,UA
Odessa Oblast,오데사 오블래스트,EU,UA
Poltava Oblast,폴타바주,EU,UA
Sumy Oblast,수미 오블래스트,EU,UA
Ternopil Oblast,테르노필 오블래스트,EU,UA
Kharkiv Oblast,카르키프 오블라스트,EU,UA
Kherson Oblast,헤르손 오블래스트,EU,UA
Khmelnytskyi Oblast,크멜니츠키 오블래스트,EU,UA
Central Region,중앙 지역,AF,UG
Eastern Region,동부지역,AF,UG
Northern Region,북부지역,AF,UG
Western Region,서부지역,AF,UG
Johnston Atoll,존스턴 환초,OC,UM
Midway Islands,미드웨이 제도,OC,UM
Navassa Island,나바사섬,OC,UM
Wake Island,웨이크 아일랜드,OC,UM
Baker Island,베이커 아일랜드,OC,UM
Howland Island,하울랜드 섬,OC,UM
Jarvis Island,자비스 섬,OC,UM
Kingman Reef,킹맨 리프,OC,UM
Palmyra Atoll,팔미라 환초,OC,UM
Alaska,알래스카,NA,US
Alabama,앨라배마,NA,US
Arkansas,아칸소,NA,US
Arizona,애리조나,NA,US
California,캘리포니아,NA,US
Colorado,콜로라도,NA,US
Connecticut,코네티컷,NA,US
District of Columbia,컬럼비아 특별구,NA,US
Delaware,델라웨어,NA,US
Florida,플로리다,NA,US
Georgia,그루지야,NA,US
Hawaii,하와이,NA,US
Iowa,아이오와,NA,US
Idaho,아이다호,NA,US
Illinois,일리노이,NA,US
Indiana,인디애나,NA,US
Kansas,캔자스,NA,US
Kentucky,켄터키,NA,US
Louisiana,루이지애나,NA,US
Massachusetts,매사추세츠 주,NA,US
Maryland,메릴랜드,NA,US
Maine,메인,NA,US
Michigan,미시간,NA,US
Minnesota,미네소타,NA,US
Missouri,미주리,NA,US
Mississippi,미시시피,NA,US
Montana,몬태나,NA,US
North Carolina,노스 캐롤라이나,NA,US
North Dakota,노스 다코타,NA,US
Nebraska,네브라스카,NA,US
New Hampshire,뉴햄프셔,NA,US
New Jersey,뉴저지,NA,US
New Mexico,뉴 멕시코,NA,US
Nevada,네바다,NA,US
New York,뉴욕,NA,US
Ohio,오하이오,NA,US
Oklahoma,오클라호마,NA,US
Oregon,오리건,NA,US
Pennsylvania,펜실베니아,NA,US
Rhode Island,로드 아일랜드,NA,US
South Carolina,사우스 캐롤라이나,NA,US
South Dakota,사우스다코타,NA,US
Tennessee,테네시,NA,US
Texas,텍사스,NA,US
Utah,유타,NA,US
Virginia,버지니아,NA,US
Vermont,버몬트,NA,US
Washington,워싱턴,NA,US
Wisconsin,위스콘신,NA,US
West Virginia,웨스트 버지니아,NA,US
Wyoming,와이오밍,NA,US
Artigas Department,아르티가스 부서,SA,UY
Canelones Department,카넬로네스 부서,SA,UY
Cerro Largo Department,세로 라르고 부서,SA,UY
Colonia Department,콜로니아 부서,SA,UY
Durazno Department,두라즈노 주,SA,UY
Florida Department,플로리다주,SA,UY
Flores Department,플로레스주,SA,UY
Lavalleja Department,라바예하주,SA,UY
Maldonado Department,말도나도 주,SA,UY
Montevideo Department,몬테비데오 주,SA,UY
Paysandu Department,페이산두 부서,SA,UY
Rocha Department,로차 부서,SA,UY
Rivera Department,리베라학과,SA,UY
Salto Department,살토 부서,SA,UY
Soriano Department,소리아노학과,SA,UY
Tacuarembo Department,타쿠아렘보 주,SA,UY
Treinta y Tres Department,Treinta y Tres 부서,SA,UY
Andijan Region,안디잔 지역,AS,UZ
Bukhara Region,부하라 지역,AS,UZ
Fergana Region,페르가나 지역,AS,UZ
Jizzakh Region,지자크 지역,AS,UZ
Namangan Region,나만간 지역,AS,UZ
Navoiy Region,나보이 지역,AS,UZ
Qashqadaryo Region,카쉬카다리오 지역,AS,UZ
Republic of Karakalpakstan,카라칼파크스탄 공화국,AS,UZ
Samarqand Region,사마르칸트 지역,AS,UZ
Sirdaryo Region,시르다료 지역,AS,UZ
Surxondaryo Region,수르손다료 지역,AS,UZ
Tashkent City,타슈켄트시,AS,UZ
Tashkent Region,타슈켄트 지역,AS,UZ
Xorazm Region,조라즘 지역,AS,UZ
Charlotte,샬럿,NA,VC
Saint Andrew,세인트 앤드류,NA,VC
Saint David,세인트 데이비드,NA,VC
Saint George,세인트 조지,NA,VC
Saint Patrick,성 패트릭,NA,VC
Grenadines,그레나딘,NA,VC
Capital District,수도 지구,SA,VE
Apure State,아퓨어 스테이트,SA,VE
Aragua State,아라과 주,SA,VE
Barinas State,바리나스 주,SA,VE
Carabobo State,카라보보주,SA,VE
Cojedes State,코헤데스 주,SA,VE
Lara State,라라 주,SA,VE
Miranda State,미란다 주,SA,VE
Monagas State,모가스 주,SA,VE
Nueva Esparta State,누에바에스파르타주,SA,VE
Portuguesa State,포르투갈 주,SA,VE
Sucre State,수크레주,SA,VE
Trujillo State,트루히요 주,SA,VE
Yaracuy State,야라쿠이 주,SA,VE
Zulia State,줄리아 주,SA,VE
Federal Dependencies,연방 종속성,SA,VE
Delta Amacuro State,델타 아마쿠로 주,SA,VE
Amazonas State,아마조나스 주,SA,VE
Central Highlands Region,중부 고원 지역,AS,VN
North Central Region,북부 중부 지역,AS,VN
Northeast Region,북동부 지역,AS,VN
Northwest Region,북서부 지역,AS,VN
Red River Delta Region,레드리버 삼각주 지역,AS,VN
South Central Coast Region,중남부 해안 지역,AS,VN
Southeast Region,남동부 지역,AS,VN
Southwest Region,남서부 지역,AS,VN
Malampa,말람파,OC,VU
Penama,페나마,OC,VU
Sanma,산마,OC,VU
Shefa,셰파,OC,VU
Tafea,타페아,OC,VU
Torba,토르바,OC,VU
A'ana District,아나 지구,OC,WS
Aiga-i-le-Tai District,아이가이르타이 지구,OC,WS
Atua District,아투아 지구,OC,WS
Fa'aaaleleaga District,Fa'aaaleleaga 지구,OC,WS
Gaga'emauga District,가가에마우가 지구,OC,WS
Gagaifomauga District,가가이포마우가 지구,OC,WS
Palauli District,팔라울리 지구,OC,WS
Satupa'itea District,사투파이테아 지구,OC,WS
Tuamasaga District,투아마사가 지구,OC,WS
Va'a-o-Fonoti District,Va'a-o-Fonoti 지구,OC,WS
Vaisigano District,바이시가노 지구,OC,WS
Abyan Governorate,아비안 주,AS,YE
Adan Governorate,아단주,AS,YE
Amran Governorate,암란 주,AS,YE
Al Bayda' Governorate,알바이다주,AS,YE
Ad Dali Governorate,애드 달리 주,AS,YE
Dhamar Governorate,다마르주,AS,YE
Hadramawt Governorate,하드라마우트 주,AS,YE
Hajjah Governorate,하자주,AS,YE
Al Hydaydah Governorate,알 하이다이다 주,AS,YE
Ibb Governorate,이브 주,AS,YE
Al Jawf Governorate,알 자와프 주,AS,YE
Lahij Governorate,라히즈주,AS,YE
Ma'rib Governorate,마리브주,AS,YE
Al Mahrah Governorate,알 마흐라 주,AS,YE
Al Hudaydah Governorate,알 후데이다 주,AS,YE
Al Mahwit Governorate,알 마위트 주,AS,YE
Sa'dah Governorate,사다 주,AS,YE
Shabwah Governorate,샤브와 주,AS,YE
San'a' Governorate,사나 주,AS,YE
Ta'izz Governorate,타이즈 주,AS,YE
Eastern Cape,이스턴 케이프,AF,ZA
Free State,자유 국가,AF,ZA
Gauteng,가우텡,AF,ZA
Mpumalanga,음푸말랑가,AF,ZA
Northern Cape,노던케이프,AF,ZA
Kwazulu-Natal,콰줄루나탈,AF,ZA
Limpopo,림포포,AF,ZA
North-West,북서,AF,ZA
Western Cape,웨스턴케이프,AF,ZA
Western Province,서부 지방,AF,ZM
Central Province,중부 지방,AF,ZM
Eastern Province,동부 지방,AF,ZM
Luapula Province,루아풀라 주,AF,ZM
Northern Province,북부 지방,AF,ZM
North-Western Province,북서부 지방,AF,ZM
Southern Province,남부 지방,AF,ZM
Copperbelt Province,코퍼벨트 주,AF,ZM
Lusaka Province,루사카 주,AF,ZM
Muchinga Province,무칭가 주,AF,ZM
Bulawayo Metropolitan Province,불라와요 수도권,AF,ZW
Harare Metropolitan Province,하라레 수도권,AF,ZW
Manicaland Province,매니칼랜드 주,AF,ZW
Mashonaland Central Province,마쇼날랜드 중부 주,AF,ZW
Mashonaland East Province,마쇼날랜드 동부 주,AF,ZW
Midlands Province,미들랜즈 주,AF,ZW
Matabeleland North Province,북부 마타벨렐란드 주,AF,ZW
Matabeleland South Province,마타벨렐란드 남부 주,AF,ZW
Masvingo Province,마스빙고 주,AF,ZW
Mashonaland West Province,마쇼날랜드 서부 주,AF,ZW
